id,depart,arrival,duration,waitingTime,timeLoss,routeLength,speed,vType,departLane,arrivalLane,departDelay
1.10,20.0,231.0,211.0,80.0,95.08,1397.55,0.0,DEFAULT_VEHTYPE,road_5_1_2_0,road_4_1_3_0,0.0
1.21,42.0,235.0,193.0,52.0,68.36,1397.55,0.0,DEFAULT_VEHTYPE,road_0_4_0_0,road_1_4_1_0,0.0
1.17,34.0,240.0,206.0,0.0,16.57,1958.56,0.0,DEFAULT_VEHTYPE,road_2_0_1_0,road_3_1_3_0,0.0
1.15,30.0,243.0,213.0,61.0,76.75,1397.55,0.0,DEFAULT_VEHTYPE,road_5_1_2_0,road_4_1_3_0,0.0
1.7,14.0,262.0,248.0,25.0,44.78,1994.86,0.0,DEFAULT_VEHTYPE,road_4_0_1_0,road_3_1_3_0,0.0
1.13,26.0,265.0,239.0,62.0,79.12,1979.6,0.0,DEFAULT_VEHTYPE,road_0_2_0_0,road_1_1_3_0,0.0
1.44,88.0,290.0,202.0,0.0,14.42,2158.56,0.0,DEFAULT_VEHTYPE,road_0_2_0_0,road_1_1_2_0,0.0
1.22,44.0,326.0,282.0,55.0,79.1,2194.86,0.0,DEFAULT_VEHTYPE,road_0_2_0_0,road_1_3_2_0,0.0
1.73,146.0,328.0,182.0,0.0,13.5,1958.56,0.0,DEFAULT_VEHTYPE,road_3_0_1_0,road_4_1_3_0,0.0
1.65,130.0,336.0,206.0,47.0,63.31,1397.55,0.0,DEFAULT_VEHTYPE,road_1_0_1_0,road_1_1_2_0,0.0
1.11,22.0,343.0,321.0,74.0,94.07,2577.07,0.0,DEFAULT_VEHTYPE,road_1_5_3_0,road_1_2_2_0,0.0
1.107,214.0,346.0,132.0,0.0,11.24,1376.73,0.0,DEFAULT_VEHTYPE,road_5_4_2_0,road_4_4_1_0,0.0
1.31,62.0,349.0,287.0,99.0,116.59,2179.6,0.0,DEFAULT_VEHTYPE,road_3_0_1_0,road_4_1_0_0,0.0
1.49,99.0,351.0,252.0,0.0,18.94,2194.86,0.0,DEFAULT_VEHTYPE,road_5_4_2_0,road_4_3_0_0,1.0
1.79,158.0,353.0,195.0,0.0,14.97,2158.56,0.0,DEFAULT_VEHTYPE,road_0_4_0_0,road_1_3_2_0,0.0
1.1,2.0,356.0,354.0,79.0,104.1,2597.89,0.0,DEFAULT_VEHTYPE,road_1_0_1_0,road_1_3_2_0,0.0
1.4,8.0,357.0,349.0,134.0,156.9,2195.01,0.0,DEFAULT_VEHTYPE,road_2_0_1_0,road_1_1_2_0,0.0
1.25,50.0,368.0,318.0,91.0,112.46,1976.9,0.0,DEFAULT_VEHTYPE,road_1_5_3_0,road_1_3_2_0,0.0
1.51,102.0,368.0,266.0,90.0,111.42,1994.86,0.0,DEFAULT_VEHTYPE,road_4_0_1_0,road_3_1_3_0,0.0
1.53,106.0,373.0,267.0,8.0,38.37,2766.75,0.0,DEFAULT_VEHTYPE,road_0_2_0_0,road_2_1_3_0,0.0
1.19,39.0,377.0,338.0,50.0,74.9,3364.08,0.0,DEFAULT_VEHTYPE,road_5_2_2_0,road_3_4_1_0,1.0
1.34,68.0,379.0,311.0,31.0,56.65,2789.59,0.0,DEFAULT_VEHTYPE,road_1_5_3_0,road_1_4_1_1,0.0
1.74,148.0,379.0,231.0,83.0,98.79,1397.55,0.0,DEFAULT_VEHTYPE,road_0_4_0_0,road_1_4_1_0,0.0
1.108,216.0,397.0,181.0,0.0,14.12,1958.56,0.0,DEFAULT_VEHTYPE,road_3_0_1_0,road_4_1_3_0,0.0
1.47,94.0,403.0,309.0,2.0,30.69,2766.75,0.0,DEFAULT_VEHTYPE,road_0_2_0_0,road_2_1_3_0,0.0
1.14,28.0,408.0,380.0,45.0,73.42,3364.08,0.0,DEFAULT_VEHTYPE,road_5_2_2_0,road_3_4_1_0,0.0
1.66,132.0,419.0,287.0,69.0,89.16,1979.6,0.0,DEFAULT_VEHTYPE,road_5_3_2_0,road_4_4_1_1,0.0
1.127,254.0,419.0,165.0,0.0,13.18,1376.73,0.0,DEFAULT_VEHTYPE,road_5_4_2_0,road_4_4_1_0,0.0
1.29,59.0,420.0,361.0,4.0,33.98,3364.08,0.0,DEFAULT_VEHTYPE,road_0_3_0_0,road_2_1_3_0,1.0
1.109,218.0,437.0,219.0,15.0,31.66,1995.01,0.0,DEFAULT_VEHTYPE,road_0_3_0_0,road_1_4_1_0,0.0
1.111,222.0,446.0,224.0,0.0,18.42,1958.56,0.0,DEFAULT_VEHTYPE,road_3_0_1_0,road_4_1_3_0,0.0
1.110,220.0,450.0,230.0,0.0,18.1,2176.9,0.0,DEFAULT_VEHTYPE,road_5_4_2_0,road_3_4_1_0,0.0
1.99,198.0,458.0,260.0,54.0,79.32,2194.86,0.0,DEFAULT_VEHTYPE,road_5_4_2_0,road_4_3_0_0,0.0
1.100,201.0,458.0,257.0,0.0,19.48,2789.59,0.0,DEFAULT_VEHTYPE,road_5_4_2_0,road_4_4_0_0,1.0
1.6,12.0,462.0,450.0,183.0,208.8,2797.66,0.0,DEFAULT_VEHTYPE,road_0_1_0_0,road_1_3_2_0,0.0
1.128,256.0,462.0,206.0,6.0,28.29,2194.86,0.0,DEFAULT_VEHTYPE,road_0_2_0_0,road_1_3_2_1,0.0
1.130,260.0,464.0,204.0,0.0,14.02,2158.56,0.0,DEFAULT_VEHTYPE,road_5_3_2_0,road_4_4_0_0,0.0
1.33,66.0,466.0,400.0,112.0,140.94,3361.6,0.0,DEFAULT_VEHTYPE,road_0_4_0_0,road_1_1_2_0,0.0
1.84,169.0,468.0,299.0,60.0,81.17,2761.43,0.0,DEFAULT_VEHTYPE,road_0_4_0_0,road_1_2_2_0,1.0
1.30,60.0,469.0,409.0,121.0,149.21,3397.83,0.0,DEFAULT_VEHTYPE,road_5_4_2_0,road_4_1_0_0,0.0
1.77,154.0,469.0,315.0,88.0,112.88,2194.86,0.0,DEFAULT_VEHTYPE,road_0_2_0_0,road_1_3_2_0,0.0
1.57,114.0,470.0,356.0,11.0,40.19,3987.09,0.0,DEFAULT_VEHTYPE,road_5_3_2_0,road_4_3_0_0,0.0
1.102,204.0,482.0,278.0,0.0,19.91,2766.75,0.0,DEFAULT_VEHTYPE,road_2_5_3_0,road_1_3_2_0,0.0
1.2,4.0,486.0,482.0,163.0,196.54,3198.06,0.0,DEFAULT_VEHTYPE,road_4_5_3_0,road_4_1_0_0,0.0
1.32,64.0,488.0,424.0,31.0,65.23,3981.68,0.0,DEFAULT_VEHTYPE,road_5_2_2_0,road_4_2_0_0,0.0
1.41,82.0,502.0,420.0,190.0,213.4,2195.01,0.0,DEFAULT_VEHTYPE,road_3_5_3_0,road_4_4_0_0,0.0
1.152,304.0,502.0,198.0,0.0,15.0,2158.56,0.0,DEFAULT_VEHTYPE,road_0_3_0_0,road_1_2_2_0,0.0
1.103,206.0,504.0,298.0,69.0,89.81,2195.01,0.0,DEFAULT_VEHTYPE,road_2_0_1_0,road_1_1_2_0,0.0
1.37,74.0,507.0,433.0,191.0,219.19,2797.66,0.0,DEFAULT_VEHTYPE,road_4_0_1_0,road_2_1_3_0,0.0
1.61,123.0,510.0,387.0,186.0,209.45,2197.72,0.0,DEFAULT_VEHTYPE,road_5_1_2_0,road_3_1_3_0,1.0
1.94,188.0,511.0,323.0,119.0,141.3,2197.72,0.0,DEFAULT_VEHTYPE,road_0_4_0_0,road_2_4_1_0,0.0
1.60,120.0,513.0,393.0,185.0,209.79,2197.72,0.0,DEFAULT_VEHTYPE,road_5_1_2_0,road_3_1_3_0,0.0
1.46,92.0,518.0,426.0,124.0,155.38,2997.89,0.0,DEFAULT_VEHTYPE,road_5_1_2_0,road_2_1_3_0,0.0
1.133,266.0,518.0,252.0,62.0,78.5,1994.86,0.0,DEFAULT_VEHTYPE,road_3_5_3_0,road_4_4_1_0,0.0
1.8,16.0,520.0,504.0,181.0,215.53,2997.89,0.0,DEFAULT_VEHTYPE,road_0_4_0_0,road_3_4_1_0,0.0
1.88,176.0,523.0,347.0,75.0,98.47,2766.75,0.0,DEFAULT_VEHTYPE,road_0_2_0_0,road_2_1_3_0,0.0
1.85,170.0,527.0,357.0,76.0,100.01,2766.75,0.0,DEFAULT_VEHTYPE,road_5_3_2_0,road_3_4_1_0,0.0
1.18,36.0,533.0,497.0,137.0,171.7,3364.08,0.0,DEFAULT_VEHTYPE,road_5_2_2_0,road_3_4_1_0,0.0
1.43,86.0,542.0,456.0,76.0,109.21,3985.2,0.0,DEFAULT_VEHTYPE,road_5_4_2_0,road_3_1_3_0,0.0
1.167,334.0,542.0,208.0,0.0,17.67,2158.56,0.0,DEFAULT_VEHTYPE,road_5_2_2_0,road_4_3_0_0,0.0
1.169,338.0,543.0,205.0,0.0,16.19,1958.56,0.0,DEFAULT_VEHTYPE,road_2_5_3_0,road_1_4_1_0,0.0
1.38,76.0,544.0,468.0,145.0,175.59,3564.21,0.0,DEFAULT_VEHTYPE,road_5_3_2_0,road_2_4_1_0,0.0
1.23,47.0,558.0,511.0,215.0,247.57,2595.18,0.0,DEFAULT_VEHTYPE,road_0_2_0_0,road_1_4_1_0,1.0
1.132,264.0,579.0,315.0,106.0,127.41,1995.01,0.0,DEFAULT_VEHTYPE,road_5_2_2_0,road_4_1_3_1,0.0
1.185,370.0,580.0,210.0,0.0,16.49,1958.56,0.0,DEFAULT_VEHTYPE,road_3_0_1_0,road_4_1_3_0,0.0
1.20,40.0,590.0,550.0,10.0,57.49,5546.79,0.0,DEFAULT_VEHTYPE,road_4_5_3_0,road_1_1_2_0,0.0
1.191,382.0,590.0,208.0,0.0,16.77,1958.56,0.0,DEFAULT_VEHTYPE,road_1_0_1_0,road_2_1_3_0,0.0
1.59,118.0,594.0,476.0,54.0,88.7,4156.77,0.0,DEFAULT_VEHTYPE,road_3_5_3_0,road_1_2_2_0,0.0
1.42,84.0,600.0,516.0,205.0,235.96,3384.9,0.0,DEFAULT_VEHTYPE,road_2_0_1_0,road_1_3_2_0,0.0
1.86,172.0,604.0,432.0,20.0,55.45,4177.59,0.0,DEFAULT_VEHTYPE,road_2_5_3_0,road_4_2_0_0,0.0
1.226,452.0,607.0,155.0,0.0,12.23,1958.56,0.0,DEFAULT_VEHTYPE,road_2_5_3_0,road_1_4_1_0,0.0
1.39,78.0,614.0,536.0,243.0,275.64,2597.89,0.0,DEFAULT_VEHTYPE,road_1_0_1_0,road_1_3_2_0,0.0
1.131,262.0,618.0,356.0,110.0,137.79,2577.07,0.0,DEFAULT_VEHTYPE,road_1_5_3_0,road_1_2_2_0,0.0
1.154,308.0,621.0,313.0,55.0,77.88,2761.43,0.0,DEFAULT_VEHTYPE,road_5_1_2_0,road_4_3_0_0,0.0
1.90,180.0,626.0,446.0,132.0,162.14,3198.06,0.0,DEFAULT_VEHTYPE,road_4_5_3_0,road_4_1_0_0,0.0
1.62,124.0,627.0,503.0,173.0,201.79,3397.83,0.0,DEFAULT_VEHTYPE,road_0_1_0_0,road_1_4_2_0,0.0
1.164,328.0,627.0,299.0,37.0,61.25,2761.43,0.0,DEFAULT_VEHTYPE,road_5_1_2_0,road_4_3_0_0,0.0
1.75,150.0,633.0,483.0,140.0,172.29,3397.83,0.0,DEFAULT_VEHTYPE,road_5_4_2_0,road_4_1_0_0,0.0
1.98,196.0,633.0,437.0,166.0,196.29,2995.18,0.0,DEFAULT_VEHTYPE,road_3_0_1_0,road_1_1_2_0,0.0
1.12,24.0,636.0,612.0,225.0,268.18,3995.58,0.0,DEFAULT_VEHTYPE,road_5_4_2_0,road_1_4_2_0,0.0
1.72,144.0,637.0,493.0,133.0,167.79,3384.9,0.0,DEFAULT_VEHTYPE,road_2_0_1_0,road_1_3_2_0,0.0
1.0,0.0,639.0,639.0,273.0,316.46,3795.35,0.0,DEFAULT_VEHTYPE,road_4_0_1_0,road_1_1_2_0,0.0
1.52,104.0,639.0,535.0,161.0,199.29,3779.94,0.0,DEFAULT_VEHTYPE,road_1_0_1_0,road_4_1_0_0,0.0
1.58,116.0,641.0,525.0,150.0,191.49,3779.94,0.0,DEFAULT_VEHTYPE,road_1_0_1_0,road_4_1_0_1,0.0
1.148,296.0,642.0,346.0,116.0,141.16,2195.01,0.0,DEFAULT_VEHTYPE,road_2_0_1_0,road_1_1_2_0,0.0
1.97,194.0,647.0,453.0,65.0,96.41,3585.03,0.0,DEFAULT_VEHTYPE,road_2_5_3_0,road_4_3_0_0,0.0
1.56,112.0,648.0,536.0,140.0,176.11,3585.03,0.0,DEFAULT_VEHTYPE,road_3_0_1_0,road_1_2_2_0,0.0
1.113,226.0,650.0,424.0,85.0,122.14,3364.21,0.0,DEFAULT_VEHTYPE,road_3_0_1_0,road_4_3_0_0,0.0
1.3,6.0,651.0,645.0,190.0,230.12,4974.92,0.0,DEFAULT_VEHTYPE,road_5_3_2_0,road_1_1_3_0,0.0
1.179,358.0,654.0,296.0,38.0,61.29,2766.75,0.0,DEFAULT_VEHTYPE,road_0_2_0_0,road_2_1_3_0,0.0
1.78,156.0,655.0,499.0,219.0,248.6,2797.66,0.0,DEFAULT_VEHTYPE,road_1_5_3_0,road_3_4_1_0,0.0
1.35,70.0,656.0,586.0,213.0,250.33,3798.06,0.0,DEFAULT_VEHTYPE,road_0_4_0_0,road_4_4_1_1,0.0
1.54,108.0,656.0,548.0,264.0,296.28,2797.66,0.0,DEFAULT_VEHTYPE,road_2_5_3_0,road_4_4_1_0,0.0
1.221,442.0,657.0,215.0,31.0,58.46,1994.86,0.0,DEFAULT_VEHTYPE,road_3_5_3_0,road_4_4_1_0,0.0
1.119,238.0,659.0,421.0,53.0,87.46,3948.75,0.0,DEFAULT_VEHTYPE,road_3_5_3_0,road_3_4_1_0,0.0
1.9,18.0,660.0,642.0,169.0,221.56,3995.58,0.0,DEFAULT_VEHTYPE,road_5_1_2_0,road_1_1_2_0,0.0
1.67,134.0,661.0,527.0,162.0,193.28,3385.03,0.0,DEFAULT_VEHTYPE,road_0_2_0_0,road_2_4_1_0,0.0
1.235,470.0,671.0,201.0,0.0,15.98,1958.56,0.0,DEFAULT_VEHTYPE,road_2_0_1_0,road_3_1_3_0,0.0
1.126,252.0,677.0,425.0,106.0,128.81,3385.03,0.0,DEFAULT_VEHTYPE,road_0_2_0_0,road_2_4_1_0,0.0
1.215,430.0,677.0,247.0,0.0,16.75,2766.75,0.0,DEFAULT_VEHTYPE,road_0_2_0_0,road_2_1_3_0,0.0
1.40,80.0,680.0,600.0,162.0,200.02,4566.9,0.0,DEFAULT_VEHTYPE,road_3_0_1_0,road_1_4_1_0,0.0
1.28,56.0,681.0,625.0,186.0,229.17,4954.23,0.0,DEFAULT_VEHTYPE,road_0_3_0_0,road_4_1_3_0,0.0
1.123,247.0,683.0,436.0,57.0,86.6,3964.25,0.0,DEFAULT_VEHTYPE,road_0_4_0_0,road_2_1_3_0,1.0
1.214,428.0,686.0,258.0,0.0,22.64,2158.56,0.0,DEFAULT_VEHTYPE,road_5_1_2_0,road_4_2_0_0,0.0
1.95,190.0,687.0,497.0,133.0,173.94,3782.59,0.0,DEFAULT_VEHTYPE,road_2_0_1_0,road_1_4_1_0,0.0
1.151,302.0,688.0,386.0,54.0,83.28,3364.08,0.0,DEFAULT_VEHTYPE,road_5_2_2_0,road_3_4_1_0,0.0
1.89,178.0,689.0,511.0,214.0,246.93,2995.58,0.0,DEFAULT_VEHTYPE,road_2_0_1_0,road_2_4_1_0,0.0
1.137,274.0,689.0,415.0,157.0,185.7,2579.77,0.0,DEFAULT_VEHTYPE,road_0_3_0_0,road_1_1_3_0,0.0
1.117,234.0,691.0,457.0,141.0,171.21,3179.94,0.0,DEFAULT_VEHTYPE,road_0_4_0_0,road_1_1_3_0,0.0
1.27,54.0,694.0,640.0,242.0,279.99,3782.59,0.0,DEFAULT_VEHTYPE,road_4_0_1_0,road_3_4_1_0,0.0
1.16,32.0,698.0,666.0,237.0,277.54,3782.72,0.0,DEFAULT_VEHTYPE,road_3_0_1_0,road_4_4_1_0,0.0
1.138,276.0,698.0,422.0,71.0,101.14,3564.21,0.0,DEFAULT_VEHTYPE,road_0_2_0_0,road_3_1_3_0,0.0
1.245,490.0,699.0,209.0,0.0,15.46,2158.56,0.0,DEFAULT_VEHTYPE,road_0_4_0_0,road_1_3_2_0,0.0
1.55,110.0,700.0,590.0,144.0,194.36,4364.38,0.0,DEFAULT_VEHTYPE,road_5_3_2_0,road_1_4_1_0,0.0
1.160,320.0,701.0,381.0,84.0,115.63,2579.77,0.0,DEFAULT_VEHTYPE,road_5_2_2_0,road_4_4_1_0,0.0
1.112,224.0,702.0,478.0,48.0,85.44,4775.05,0.0,DEFAULT_VEHTYPE,road_0_1_0_0,road_3_4_1_0,0.0
1.5,10.0,704.0,694.0,126.0,175.7,4759.64,0.0,DEFAULT_VEHTYPE,road_0_4_0_0,road_3_1_3_0,0.0
1.196,392.0,711.0,319.0,48.0,76.53,2761.43,0.0,DEFAULT_VEHTYPE,road_1_0_1_0,road_3_1_3_0,0.0
1.195,390.0,713.0,323.0,0.0,25.02,2766.75,0.0,DEFAULT_VEHTYPE,road_5_3_2_0,road_3_4_1_0,0.0
1.50,100.0,724.0,624.0,180.0,225.32,3777.24,0.0,DEFAULT_VEHTYPE,road_0_1_0_0,road_4_1_3_0,0.0
1.212,424.0,733.0,309.0,36.0,59.73,2766.75,0.0,DEFAULT_VEHTYPE,road_2_5_3_0,road_1_3_2_0,0.0
1.257,515.0,738.0,223.0,10.0,30.17,2761.43,0.0,DEFAULT_VEHTYPE,road_5_1_2_0,road_4_3_0_0,1.0
1.264,528.0,738.0,210.0,16.0,34.13,2194.86,0.0,DEFAULT_VEHTYPE,road_0_1_0_0,road_1_2_2_0,0.0
1.200,400.0,740.0,340.0,51.0,76.13,2766.75,0.0,DEFAULT_VEHTYPE,road_2_5_3_0,road_1_3_2_0,0.0
1.248,496.0,740.0,244.0,0.0,22.54,2787.57,0.0,DEFAULT_VEHTYPE,road_2_0_1_0,road_1_2_2_1,0.0
1.26,52.0,745.0,693.0,99.0,146.36,5546.79,0.0,DEFAULT_VEHTYPE,road_1_0_1_0,road_4_4_0_0,0.0
1.116,232.0,746.0,514.0,177.0,208.55,3985.07,0.0,DEFAULT_VEHTYPE,road_3_5_3_0,road_4_1_0_0,0.0
1.64,128.0,750.0,622.0,195.0,237.79,3987.09,0.0,DEFAULT_VEHTYPE,road_5_3_2_0,road_4_3_0_0,0.0
1.261,522.0,750.0,228.0,53.0,69.79,1976.9,0.0,DEFAULT_VEHTYPE,road_4_0_1_0,road_4_2_0_0,0.0
1.115,230.0,752.0,522.0,96.0,130.94,3987.09,0.0,DEFAULT_VEHTYPE,road_0_2_0_0,road_1_2_2_0,0.0
1.157,314.0,758.0,444.0,133.0,162.23,3361.6,0.0,DEFAULT_VEHTYPE,road_5_1_2_0,road_4_4_0_0,0.0
1.161,322.0,761.0,439.0,126.0,156.68,3361.6,0.0,DEFAULT_VEHTYPE,road_5_1_2_0,road_4_4_0_0,0.0
1.121,242.0,762.0,520.0,157.0,195.16,3964.38,0.0,DEFAULT_VEHTYPE,road_3_0_1_0,road_4_4_0_1,0.0
1.262,525.0,762.0,237.0,47.0,65.89,1976.9,0.0,DEFAULT_VEHTYPE,road_4_0_1_0,road_4_2_0_0,1.0
1.140,280.0,772.0,492.0,103.0,137.49,4369.79,0.0,DEFAULT_VEHTYPE,road_4_5_3_0,road_1_3_2_0,0.0
1.45,91.0,773.0,682.0,255.0,301.77,4582.72,0.0,DEFAULT_VEHTYPE,road_0_2_0_0,road_4_1_0_0,1.0
1.105,210.0,774.0,564.0,160.0,195.88,4369.79,0.0,DEFAULT_VEHTYPE,road_1_0_1_0,road_4_2_0_0,0.0
1.210,420.0,775.0,355.0,82.0,111.27,2979.77,0.0,DEFAULT_VEHTYPE,road_2_0_1_0,road_4_1_0_0,0.0
1.69,138.0,778.0,640.0,193.0,235.25,4582.72,0.0,DEFAULT_VEHTYPE,road_5_1_2_0,road_1_2_2_0,0.0
1.68,137.0,779.0,642.0,251.0,295.27,3995.58,0.0,DEFAULT_VEHTYPE,road_0_2_0_0,road_4_2_0_0,1.0
1.81,162.0,780.0,618.0,214.0,257.31,3995.58,0.0,DEFAULT_VEHTYPE,road_0_4_0_0,road_4_4_0_0,0.0
1.96,192.0,781.0,589.0,183.0,232.7,3995.58,0.0,DEFAULT_VEHTYPE,road_0_4_0_0,road_4_4_0_1,0.0
1.36,72.0,782.0,710.0,234.0,285.26,4582.72,0.0,DEFAULT_VEHTYPE,road_5_3_2_0,road_1_4_2_0,0.0
1.240,480.0,784.0,304.0,75.0,95.93,2195.01,0.0,DEFAULT_VEHTYPE,road_2_0_1_0,road_1_1_2_0,0.0
1.101,202.0,785.0,583.0,169.0,206.64,3995.58,0.0,DEFAULT_VEHTYPE,road_5_2_2_0,road_1_2_2_0,0.0
1.246,492.0,785.0,293.0,69.0,89.69,2195.01,0.0,DEFAULT_VEHTYPE,road_2_0_1_0,road_1_1_2_1,0.0
1.293,586.0,787.0,201.0,25.0,42.38,1994.86,0.0,DEFAULT_VEHTYPE,road_2_5_3_0,road_3_4_1_0,0.0
1.271,542.0,788.0,246.0,0.0,20.66,2158.56,0.0,DEFAULT_VEHTYPE,road_0_2_0_0,road_1_1_2_0,0.0
1.142,284.0,789.0,505.0,180.0,216.83,2995.18,0.0,DEFAULT_VEHTYPE,road_2_5_3_0,road_4_4_0_0,0.0
1.282,564.0,789.0,225.0,0.0,17.67,2158.56,0.0,DEFAULT_VEHTYPE,road_5_2_2_0,road_4_3_0_0,0.0
1.114,228.0,791.0,563.0,161.0,202.0,4385.07,0.0,DEFAULT_VEHTYPE,road_0_3_0_0,road_4_4_1_0,0.0
1.228,456.0,791.0,335.0,128.0,153.22,2197.72,0.0,DEFAULT_VEHTYPE,road_5_1_2_0,road_3_1_3_0,0.0
1.193,386.0,794.0,408.0,99.0,123.49,3364.08,0.0,DEFAULT_VEHTYPE,road_0_3_0_0,road_2_1_3_0,0.0
1.82,164.0,795.0,631.0,201.0,241.79,4385.07,0.0,DEFAULT_VEHTYPE,road_5_2_2_0,road_1_1_3_0,0.0
1.122,244.0,797.0,553.0,18.0,66.64,5546.79,0.0,DEFAULT_VEHTYPE,road_0_4_0_0,road_4_1_3_0,0.0
1.208,417.0,798.0,381.0,151.0,174.61,2197.72,0.0,DEFAULT_VEHTYPE,road_0_4_0_0,road_2_4_1_0,1.0
1.306,612.0,798.0,186.0,0.0,18.02,1958.56,0.0,DEFAULT_VEHTYPE,road_3_5_3_0,road_2_4_1_1,0.0
1.174,348.0,799.0,451.0,156.0,186.83,2797.66,0.0,DEFAULT_VEHTYPE,road_4_0_1_0,road_2_1_3_0,0.0
1.253,506.0,800.0,294.0,9.0,36.52,2787.57,0.0,DEFAULT_VEHTYPE,road_0_3_0_0,road_2_4_1_0,0.0
1.224,448.0,802.0,354.0,71.0,106.23,2787.57,0.0,DEFAULT_VEHTYPE,road_5_2_2_0,road_3_1_3_1,0.0
1.150,300.0,803.0,503.0,150.0,185.26,3385.03,0.0,DEFAULT_VEHTYPE,road_5_3_2_0,road_3_1_3_0,0.0
1.48,96.0,807.0,711.0,255.0,300.54,3985.2,0.0,DEFAULT_VEHTYPE,road_5_4_2_0,road_3_1_3_0,0.0
1.307,614.0,810.0,196.0,0.0,13.24,1994.86,0.0,DEFAULT_VEHTYPE,road_3_0_1_0,road_2_1_3_0,0.0
1.156,312.0,822.0,510.0,235.0,266.61,3179.94,0.0,DEFAULT_VEHTYPE,road_0_4_0_0,road_1_1_3_0,0.0
1.136,272.0,824.0,552.0,273.0,310.49,2995.58,0.0,DEFAULT_VEHTYPE,road_4_0_1_0,road_4_4_1_0,0.0
1.173,346.0,826.0,480.0,140.0,181.12,3777.24,0.0,DEFAULT_VEHTYPE,road_5_4_2_0,road_1_4_1_0,0.0
1.230,460.0,828.0,368.0,115.0,143.33,2595.18,0.0,DEFAULT_VEHTYPE,road_0_2_0_0,road_1_4_1_0,0.0
1.70,140.0,829.0,689.0,314.0,355.57,3782.59,0.0,DEFAULT_VEHTYPE,road_2_5_3_0,road_3_1_3_0,0.0
1.222,444.0,829.0,385.0,57.0,85.49,2766.75,0.0,DEFAULT_VEHTYPE,road_5_3_2_0,road_3_4_1_0,0.0
1.106,212.0,830.0,618.0,315.0,351.66,2995.58,0.0,DEFAULT_VEHTYPE,road_2_5_3_0,road_2_1_3_0,0.0
1.76,152.0,831.0,679.0,300.0,348.21,3782.59,0.0,DEFAULT_VEHTYPE,road_2_5_3_0,road_3_1_3_0,0.0
1.289,578.0,831.0,253.0,14.0,43.25,2761.43,0.0,DEFAULT_VEHTYPE,road_2_0_1_0,road_4_1_3_1,0.0
1.203,406.0,832.0,426.0,106.0,135.48,3564.21,0.0,DEFAULT_VEHTYPE,road_0_2_0_0,road_3_1_3_1,0.0
1.225,450.0,833.0,383.0,117.0,140.98,2595.18,0.0,DEFAULT_VEHTYPE,road_5_3_2_0,road_4_1_3_0,0.0
1.120,240.0,834.0,594.0,195.0,231.27,3782.72,0.0,DEFAULT_VEHTYPE,road_2_0_1_0,road_3_4_1_0,0.0
1.147,294.0,834.0,540.0,160.0,199.4,3782.72,0.0,DEFAULT_VEHTYPE,road_4_5_3_0,road_3_1_3_0,0.0
1.178,359.0,834.0,475.0,120.0,159.94,3777.24,0.0,DEFAULT_VEHTYPE,road_5_4_2_0,road_1_4_1_1,3.0
1.242,484.0,834.0,350.0,81.0,109.54,2579.77,0.0,DEFAULT_VEHTYPE,road_5_2_2_0,road_4_4_1_0,0.0
1.135,270.0,835.0,565.0,86.0,122.59,4954.23,0.0,DEFAULT_VEHTYPE,road_5_2_2_0,road_1_4_1_0,0.0
1.362,724.0,837.0,113.0,0.0,9.43,1376.73,0.0,DEFAULT_VEHTYPE,road_5_4_2_0,road_4_4_1_0,0.0
1.183,366.0,838.0,472.0,132.0,174.38,3561.6,0.0,DEFAULT_VEHTYPE,road_1_0_1_0,road_4_1_3_1,0.0
1.243,486.0,839.0,353.0,76.0,99.92,2761.43,0.0,DEFAULT_VEHTYPE,road_2_0_1_0,road_4_1_3_0,0.0
1.162,324.0,846.0,522.0,137.0,178.48,3777.24,0.0,DEFAULT_VEHTYPE,road_0_1_0_0,road_4_1_3_0,0.0
1.317,634.0,852.0,218.0,0.0,17.09,2158.56,0.0,DEFAULT_VEHTYPE,road_0_4_0_0,road_1_3_2_0,0.0
1.254,508.0,856.0,348.0,103.0,124.18,2176.9,0.0,DEFAULT_VEHTYPE,road_0_1_0_0,road_2_1_3_0,0.0
1.339,678.0,860.0,182.0,0.0,14.57,2158.56,0.0,DEFAULT_VEHTYPE,road_0_4_0_0,road_1_3_2_0,0.0
1.190,380.0,861.0,481.0,80.0,123.61,3561.6,0.0,DEFAULT_VEHTYPE,road_4_5_3_0,road_1_4_1_0,0.0
1.312,624.0,866.0,242.0,0.0,16.64,2766.75,0.0,DEFAULT_VEHTYPE,road_3_0_1_0,road_4_2_0_0,0.0
1.129,258.0,871.0,613.0,67.0,115.14,5546.79,0.0,DEFAULT_VEHTYPE,road_1_0_1_0,road_4_4_0_0,0.0
1.369,738.0,876.0,138.0,0.0,14.76,1376.73,0.0,DEFAULT_VEHTYPE,road_1_5_3_0,road_1_4_2_0,0.0
1.71,142.0,877.0,735.0,226.0,274.43,4954.1,0.0,DEFAULT_VEHTYPE,road_1_0_1_0,road_4_3_0_0,0.0
1.316,632.0,877.0,245.0,0.0,22.6,2778.71,0.0,DEFAULT_VEHTYPE,road_1_0_1_0,road_1_1_3_0,0.0
1.258,516.0,880.0,364.0,88.0,115.2,2778.71,0.0,DEFAULT_VEHTYPE,road_1_0_1_0,road_1_1_3_0,0.0
1.125,250.0,884.0,634.0,205.0,244.38,4975.05,0.0,DEFAULT_VEHTYPE,road_1_5_3_0,road_4_2_0_0,0.0
1.236,473.0,884.0,411.0,90.0,117.62,3384.9,0.0,DEFAULT_VEHTYPE,road_2_0_1_0,road_1_3_2_0,1.0
1.286,573.0,887.0,314.0,30.0,56.48,2778.71,0.0,DEFAULT_VEHTYPE,road_4_5_3_0,road_4_4_1_0,1.0
1.231,462.0,890.0,428.0,141.0,174.88,3198.06,0.0,DEFAULT_VEHTYPE,road_1_0_1_0,road_1_4_2_0,0.0
1.304,608.0,891.0,283.0,58.0,80.91,2194.86,0.0,DEFAULT_VEHTYPE,road_0_2_0_0,road_1_3_2_0,0.0
1.249,498.0,894.0,396.0,94.0,121.6,3364.21,0.0,DEFAULT_VEHTYPE,road_2_5_3_0,road_1_2_2_1,0.0
1.353,706.0,894.0,188.0,0.0,15.22,1958.56,0.0,DEFAULT_VEHTYPE,road_4_5_3_0,road_3_4_1_0,0.0
1.171,342.0,895.0,553.0,237.0,271.44,2797.66,0.0,DEFAULT_VEHTYPE,road_0_1_0_0,road_1_3_2_0,0.0
1.329,658.0,895.0,237.0,0.0,16.64,2194.86,0.0,DEFAULT_VEHTYPE,road_0_1_0_0,road_1_2_2_0,0.0
1.153,306.0,897.0,591.0,5.0,49.89,5546.79,0.0,DEFAULT_VEHTYPE,road_1_0_1_0,road_4_4_0_0,0.0
1.239,478.0,898.0,420.0,60.0,100.33,3981.68,0.0,DEFAULT_VEHTYPE,road_5_2_2_0,road_4_2_0_0,0.0
1.318,636.0,899.0,263.0,20.0,50.45,2761.43,0.0,DEFAULT_VEHTYPE,road_0_3_0_0,road_1_1_2_0,0.0
1.92,184.0,901.0,717.0,239.0,285.59,3985.07,0.0,DEFAULT_VEHTYPE,road_2_0_1_0,road_1_4_2_1,0.0
1.255,510.0,901.0,391.0,0.0,35.7,2778.71,0.0,DEFAULT_VEHTYPE,road_0_4_0_0,road_1_4_2_0,0.0
1.186,372.0,903.0,531.0,220.0,264.19,3198.06,0.0,DEFAULT_VEHTYPE,road_4_5_3_0,road_4_1_0_0,0.0
1.87,174.0,904.0,730.0,238.0,282.67,5172.57,0.0,DEFAULT_VEHTYPE,road_5_1_2_0,road_1_3_2_0,0.0
1.24,48.0,905.0,857.0,187.0,247.56,5567.61,0.0,DEFAULT_VEHTYPE,road_4_0_1_0,road_1_4_2_0,0.0
1.194,388.0,907.0,519.0,181.0,212.52,3397.83,0.0,DEFAULT_VEHTYPE,road_5_4_2_0,road_4_1_0_0,0.0
1.134,268.0,908.0,640.0,317.0,360.65,3795.35,0.0,DEFAULT_VEHTYPE,road_4_0_1_0,road_1_1_2_0,0.0
1.155,310.0,910.0,600.0,240.0,279.9,3995.58,0.0,DEFAULT_VEHTYPE,road_5_3_2_0,road_1_3_2_0,0.0
1.145,290.0,911.0,621.0,219.0,258.7,4582.59,0.0,DEFAULT_VEHTYPE,road_0_1_0_0,road_4_2_0_1,0.0
1.207,414.0,911.0,497.0,152.0,184.06,3361.6,0.0,DEFAULT_VEHTYPE,road_0_4_0_0,road_1_1_2_0,0.0
1.163,326.0,912.0,586.0,242.0,282.59,3795.35,0.0,DEFAULT_VEHTYPE,road_1_5_3_0,road_4_4_0_0,0.0
1.180,360.0,912.0,552.0,205.0,241.71,3779.94,0.0,DEFAULT_VEHTYPE,road_4_5_3_0,road_1_4_2_0,0.0
1.349,698.0,912.0,214.0,0.0,16.23,1958.56,0.0,DEFAULT_VEHTYPE,road_2_0_1_0,road_3_1_3_0,0.0
1.219,438.0,913.0,475.0,24.0,60.38,4177.59,0.0,DEFAULT_VEHTYPE,road_2_5_3_0,road_4_2_0_0,0.0
1.159,318.0,914.0,596.0,190.0,234.03,4582.59,0.0,DEFAULT_VEHTYPE,road_0_3_0_0,road_4_4_0_1,0.0
1.205,410.0,914.0,504.0,111.0,150.7,3981.68,0.0,DEFAULT_VEHTYPE,road_5_2_2_0,road_4_2_0_1,0.0
1.294,588.0,915.0,327.0,116.0,138.76,2195.01,0.0,DEFAULT_VEHTYPE,road_2_0_1_0,road_1_1_2_0,0.0
1.217,434.0,918.0,484.0,201.0,232.1,2995.18,0.0,DEFAULT_VEHTYPE,road_3_0_1_0,road_1_1_2_0,0.0
1.80,160.0,919.0,759.0,312.0,359.23,4582.72,0.0,DEFAULT_VEHTYPE,road_0_2_0_0,road_4_1_0_0,0.0
1.63,127.0,921.0,794.0,211.0,266.5,5762.29,0.0,DEFAULT_VEHTYPE,road_0_1_0_0,road_4_4_0_0,1.0
1.141,282.0,921.0,639.0,157.0,222.69,5356.75,0.0,DEFAULT_VEHTYPE,road_4_0_1_0,road_1_4_1_0,0.0
1.83,166.0,922.0,756.0,168.0,218.1,5762.42,0.0,DEFAULT_VEHTYPE,road_0_4_0_0,road_4_1_0_0,0.0
1.118,236.0,922.0,686.0,274.0,322.79,3995.58,0.0,DEFAULT_VEHTYPE,road_5_3_2_0,road_1_3_2_0,0.0
1.232,464.0,922.0,458.0,92.0,124.73,3585.03,0.0,DEFAULT_VEHTYPE,road_3_0_1_0,road_1_2_2_0,0.0
1.310,620.0,923.0,303.0,0.0,23.9,2778.71,0.0,DEFAULT_VEHTYPE,road_1_0_1_0,road_1_1_3_0,0.0
1.325,650.0,927.0,277.0,8.0,28.8,2761.43,0.0,DEFAULT_VEHTYPE,road_0_3_0_0,road_1_1_2_0,0.0
1.376,752.0,928.0,176.0,0.0,13.77,1958.56,0.0,DEFAULT_VEHTYPE,road_2_0_1_0,road_3_1_3_0,0.0
1.93,186.0,930.0,744.0,247.0,295.36,4582.72,0.0,DEFAULT_VEHTYPE,road_5_2_2_0,road_1_3_2_0,0.0
1.143,286.0,931.0,645.0,252.0,294.51,4385.07,0.0,DEFAULT_VEHTYPE,road_5_2_2_0,road_1_1_3_0,0.0
1.277,554.0,931.0,377.0,98.0,124.58,3364.08,0.0,DEFAULT_VEHTYPE,road_5_2_2_0,road_3_4_1_0,0.0
1.176,353.0,937.0,584.0,71.0,122.9,5567.61,0.0,DEFAULT_VEHTYPE,road_5_4_2_0,road_1_1_3_0,1.0
1.201,403.0,937.0,534.0,189.0,225.62,2995.18,0.0,DEFAULT_VEHTYPE,road_2_5_3_0,road_4_4_0_0,1.0
1.139,278.0,938.0,660.0,182.0,227.02,4572.57,0.0,DEFAULT_VEHTYPE,road_1_0_1_0,road_3_4_1_0,0.0
1.211,422.0,941.0,519.0,0.0,35.03,5546.79,0.0,DEFAULT_VEHTYPE,road_0_4_0_0,road_4_1_3_0,0.0
1.166,334.0,942.0,608.0,218.0,266.89,3798.06,0.0,DEFAULT_VEHTYPE,road_5_1_2_0,road_1_1_3_1,2.0
1.91,182.0,943.0,761.0,143.0,196.85,5567.61,0.0,DEFAULT_VEHTYPE,road_5_4_2_0,road_1_1_3_0,0.0
1.124,248.0,946.0,698.0,182.0,241.51,5356.75,0.0,DEFAULT_VEHTYPE,road_4_0_1_0,road_1_4_1_0,0.0
1.284,568.0,954.0,386.0,44.0,78.52,2577.07,0.0,DEFAULT_VEHTYPE,road_4_0_1_0,road_4_3_0_0,0.0
1.192,384.0,965.0,581.0,231.0,269.67,3782.59,0.0,DEFAULT_VEHTYPE,road_2_0_1_0,road_1_4_1_0,0.0
1.238,476.0,965.0,489.0,145.0,177.33,3782.59,0.0,DEFAULT_VEHTYPE,road_3_5_3_0,road_4_1_3_0,0.0
1.358,716.0,966.0,250.0,50.0,68.73,2176.9,0.0,DEFAULT_VEHTYPE,road_0_1_0_0,road_2_1_3_1,0.0
1.378,756.0,966.0,210.0,0.0,15.23,1994.86,0.0,DEFAULT_VEHTYPE,road_3_0_1_0,road_2_1_3_0,0.0
1.181,362.0,969.0,607.0,304.0,343.46,2995.58,0.0,DEFAULT_VEHTYPE,road_3_5_3_0,road_3_1_3_0,0.0
1.223,446.0,969.0,523.0,162.0,201.87,3782.72,0.0,DEFAULT_VEHTYPE,road_4_5_3_0,road_3_1_3_1,0.0
1.165,331.0,971.0,640.0,46.0,91.74,5546.79,0.0,DEFAULT_VEHTYPE,road_5_1_2_0,road_1_4_1_0,1.0
1.270,540.0,971.0,431.0,167.0,191.17,2579.77,0.0,DEFAULT_VEHTYPE,road_5_2_2_0,road_4_4_1_0,0.0
1.198,396.0,972.0,576.0,199.0,255.3,3782.72,0.0,DEFAULT_VEHTYPE,road_2_0_1_0,road_3_4_1_0,0.0
1.220,440.0,973.0,533.0,226.0,262.09,2995.58,0.0,DEFAULT_VEHTYPE,road_4_0_1_0,road_4_4_1_0,0.0
1.182,364.0,975.0,611.0,225.0,279.42,3782.72,0.0,DEFAULT_VEHTYPE,road_2_0_1_0,road_3_4_1_1,0.0
1.158,316.0,976.0,660.0,238.0,284.64,3782.72,0.0,DEFAULT_VEHTYPE,road_2_0_1_0,road_3_4_1_0,0.0
1.187,374.0,978.0,604.0,263.0,300.82,2995.58,0.0,DEFAULT_VEHTYPE,road_1_5_3_0,road_1_1_3_0,0.0
1.197,394.0,982.0,588.0,218.0,257.84,3195.35,0.0,DEFAULT_VEHTYPE,road_0_1_0_0,road_1_4_1_0,0.0
1.330,660.0,984.0,324.0,34.0,62.41,2761.43,0.0,DEFAULT_VEHTYPE,road_3_5_3_0,road_1_4_1_1,0.0
1.343,686.0,992.0,306.0,10.0,42.5,2761.43,0.0,DEFAULT_VEHTYPE,road_3_5_3_0,road_1_4_1_0,0.0
1.345,690.0,997.0,307.0,12.0,40.84,2761.43,0.0,DEFAULT_VEHTYPE,road_4_5_3_0,road_2_4_1_0,0.0
1.352,704.0,997.0,293.0,89.0,107.17,1995.01,0.0,DEFAULT_VEHTYPE,road_0_3_0_0,road_1_4_1_1,0.0
1.144,288.0,998.0,710.0,183.0,244.9,3782.59,0.0,DEFAULT_VEHTYPE,road_2_0_1_0,road_1_4_1_0,0.0
1.259,518.0,1005.0,487.0,131.0,164.88,2977.07,0.0,DEFAULT_VEHTYPE,road_0_1_0_0,road_3_1_3_0,0.0
1.149,298.0,1008.0,710.0,215.0,261.14,5166.9,0.0,DEFAULT_VEHTYPE,road_0_2_0_0,road_4_4_0_0,0.0
1.388,776.0,1015.0,239.0,3.0,27.13,2789.59,0.0,DEFAULT_VEHTYPE,road_5_4_2_0,road_4_4_0_0,0.0
1.204,408.0,1019.0,611.0,81.0,140.14,5567.61,0.0,DEFAULT_VEHTYPE,road_4_0_1_0,road_1_4_2_0,0.0
1.247,494.0,1022.0,528.0,4.0,44.26,5567.61,0.0,DEFAULT_VEHTYPE,road_1_5_3_0,road_4_1_0_0,0.0
1.303,606.0,1023.0,417.0,11.0,55.17,4177.59,0.0,DEFAULT_VEHTYPE,road_2_5_3_0,road_4_2_0_0,0.0
1.188,376.0,1028.0,652.0,87.0,134.65,5567.61,0.0,DEFAULT_VEHTYPE,road_4_0_1_0,road_1_4_2_0,0.0
1.354,708.0,1028.0,320.0,35.0,61.48,2778.71,0.0,DEFAULT_VEHTYPE,road_1_0_1_0,road_1_1_3_0,0.0
1.338,676.0,1029.0,353.0,66.0,91.47,2778.71,0.0,DEFAULT_VEHTYPE,road_4_5_3_0,road_4_4_1_0,0.0
1.267,534.0,1033.0,499.0,210.0,242.86,2597.89,0.0,DEFAULT_VEHTYPE,road_4_5_3_0,road_4_2_0_0,0.0
1.313,626.0,1037.0,411.0,39.0,75.95,3981.68,0.0,DEFAULT_VEHTYPE,road_0_3_0_0,road_1_3_2_0,0.0
1.370,740.0,1038.0,298.0,68.0,88.95,2577.07,0.0,DEFAULT_VEHTYPE,road_4_0_1_0,road_4_3_0_0,0.0
1.301,602.0,1039.0,437.0,1.0,34.28,4177.59,0.0,DEFAULT_VEHTYPE,road_2_5_3_0,road_4_2_0_0,0.0
1.170,340.0,1042.0,702.0,220.0,272.24,5172.57,0.0,DEFAULT_VEHTYPE,road_5_1_2_0,road_1_3_2_0,0.0
1.431,862.0,1042.0,180.0,10.0,28.06,1397.55,0.0,DEFAULT_VEHTYPE,road_4_5_3_0,road_4_4_0_0,0.0
1.275,551.0,1051.0,500.0,168.0,204.17,3198.06,0.0,DEFAULT_VEHTYPE,road_4_5_3_0,road_4_1_0_0,1.0
1.213,426.0,1052.0,626.0,275.0,315.67,3795.35,0.0,DEFAULT_VEHTYPE,road_4_0_1_0,road_1_1_2_0,0.0
1.272,544.0,1056.0,512.0,154.0,187.3,3779.94,0.0,DEFAULT_VEHTYPE,road_1_0_1_0,road_4_1_0_0,0.0
1.202,404.0,1057.0,653.0,211.0,253.38,4582.72,0.0,DEFAULT_VEHTYPE,road_5_1_2_0,road_1_2_2_0,0.0
1.266,532.0,1061.0,529.0,166.0,199.98,3569.62,0.0,DEFAULT_VEHTYPE,road_3_5_3_0,road_1_3_2_0,0.0
1.189,378.0,1063.0,685.0,222.0,277.45,4385.2,0.0,DEFAULT_VEHTYPE,road_1_5_3_0,road_4_3_0_0,0.0
1.252,504.0,1063.0,559.0,156.0,194.02,3995.58,0.0,DEFAULT_VEHTYPE,road_0_1_0_0,road_4_1_0_0,0.0
1.269,538.0,1063.0,525.0,85.0,141.4,5362.42,0.0,DEFAULT_VEHTYPE,road_4_5_3_0,road_1_1_3_0,0.0
1.168,336.0,1064.0,728.0,258.0,307.4,4582.72,0.0,DEFAULT_VEHTYPE,road_0_4_0_0,road_4_3_0_1,0.0
1.184,368.0,1065.0,697.0,89.0,144.29,5762.29,0.0,DEFAULT_VEHTYPE,road_0_1_0_0,road_4_4_0_0,0.0
1.405,810.0,1065.0,255.0,30.0,48.72,2179.6,0.0,DEFAULT_VEHTYPE,road_2_5_3_0,road_1_4_2_1,0.0
1.374,748.0,1066.0,318.0,83.0,106.01,2179.6,0.0,DEFAULT_VEHTYPE,road_2_5_3_0,road_1_4_2_0,0.0
1.233,466.0,1067.0,601.0,107.0,165.69,5546.79,0.0,DEFAULT_VEHTYPE,road_0_4_0_0,road_4_1_3_0,0.0
1.394,788.0,1069.0,281.0,102.0,129.24,1994.86,0.0,DEFAULT_VEHTYPE,road_3_0_1_0,road_2_1_3_0,0.0
1.422,844.0,1071.0,227.0,4.0,25.37,2158.56,0.0,DEFAULT_VEHTYPE,road_5_2_2_0,road_4_3_0_0,0.0
1.172,344.0,1074.0,730.0,239.0,286.57,4385.2,0.0,DEFAULT_VEHTYPE,road_1_5_3_0,road_4_3_0_0,0.0
1.314,628.0,1076.0,448.0,60.0,107.35,4566.9,0.0,DEFAULT_VEHTYPE,road_2_5_3_0,road_4_1_3_0,0.0
1.256,512.0,1078.0,566.0,249.0,285.55,2997.89,0.0,DEFAULT_VEHTYPE,road_5_1_2_0,road_2_1_3_0,0.0
1.268,536.0,1078.0,542.0,172.0,206.93,3584.9,0.0,DEFAULT_VEHTYPE,road_0_3_0_0,road_3_4_1_0,0.0
1.401,802.0,1078.0,276.0,83.0,101.3,1994.86,0.0,DEFAULT_VEHTYPE,road_3_5_3_0,road_4_4_1_0,0.0
1.175,350.0,1081.0,731.0,292.0,340.23,3985.2,0.0,DEFAULT_VEHTYPE,road_5_4_2_0,road_3_1_3_0,0.0
1.315,630.0,1081.0,451.0,106.0,138.1,3985.2,0.0,DEFAULT_VEHTYPE,road_5_4_2_0,road_3_1_3_1,0.0
1.104,209.0,1083.0,874.0,360.0,411.64,4572.57,0.0,DEFAULT_VEHTYPE,road_2_0_1_0,road_4_4_1_0,1.0
1.320,640.0,1083.0,443.0,97.0,131.69,3985.2,0.0,DEFAULT_VEHTYPE,road_5_4_2_0,road_3_1_3_1,0.0
1.359,718.0,1085.0,367.0,35.0,73.02,2789.59,0.0,DEFAULT_VEHTYPE,road_1_5_3_0,road_1_4_1_0,0.0
1.471,942.0,1086.0,144.0,0.0,10.2,1397.55,0.0,DEFAULT_VEHTYPE,road_5_1_2_0,road_4_1_3_0,0.0
1.337,674.0,1091.0,417.0,36.0,67.16,3948.75,0.0,DEFAULT_VEHTYPE,road_3_5_3_0,road_3_4_1_0,0.0
1.373,746.0,1092.0,346.0,42.0,67.96,2787.57,0.0,DEFAULT_VEHTYPE,road_5_2_2_0,road_3_1_3_0,0.0
1.285,570.0,1097.0,527.0,92.0,129.3,4572.57,0.0,DEFAULT_VEHTYPE,road_4_5_3_0,road_2_1_3_0,0.0
1.332,664.0,1104.0,440.0,54.0,85.65,3964.25,0.0,DEFAULT_VEHTYPE,road_5_1_2_0,road_3_4_1_0,0.0
1.288,576.0,1105.0,529.0,178.0,219.84,3782.59,0.0,DEFAULT_VEHTYPE,road_3_0_1_0,road_2_4_1_0,0.0
1.311,622.0,1106.0,484.0,183.0,221.67,3179.94,0.0,DEFAULT_VEHTYPE,road_0_4_0_0,road_1_1_3_0,0.0
1.229,458.0,1108.0,650.0,111.0,163.54,5356.75,0.0,DEFAULT_VEHTYPE,road_4_0_1_0,road_1_4_1_0,0.0
1.427,854.0,1108.0,254.0,66.0,83.04,1979.6,0.0,DEFAULT_VEHTYPE,road_5_3_2_0,road_4_4_1_0,0.0
1.244,488.0,1109.0,621.0,313.0,357.26,2995.58,0.0,DEFAULT_VEHTYPE,road_3_0_1_0,road_3_4_1_0,0.0
1.380,760.0,1109.0,349.0,23.0,52.45,2778.71,0.0,DEFAULT_VEHTYPE,road_5_1_2_0,road_4_1_0_0,0.0
1.379,758.0,1110.0,352.0,23.0,53.29,2778.71,0.0,DEFAULT_VEHTYPE,road_0_4_0_0,road_1_4_2_0,0.0
1.273,546.0,1112.0,566.0,91.0,126.12,4775.05,0.0,DEFAULT_VEHTYPE,road_5_4_2_0,road_2_1_3_0,0.0
1.146,292.0,1113.0,821.0,216.0,274.87,5356.75,0.0,DEFAULT_VEHTYPE,road_4_0_1_0,road_1_4_1_0,0.0
1.309,619.0,1114.0,495.0,142.0,187.48,3561.6,0.0,DEFAULT_VEHTYPE,road_4_5_3_0,road_1_4_1_1,1.0
1.298,596.0,1121.0,525.0,160.0,196.93,3561.6,0.0,DEFAULT_VEHTYPE,road_4_5_3_0,road_1_4_1_0,0.0
1.341,682.0,1123.0,441.0,139.0,170.9,2579.77,0.0,DEFAULT_VEHTYPE,road_0_3_0_0,road_1_1_3_0,0.0
1.322,644.0,1124.0,480.0,4.0,46.11,4156.77,0.0,DEFAULT_VEHTYPE,road_5_2_2_0,road_2_4_1_0,0.0
1.305,610.0,1125.0,515.0,145.0,178.69,3561.6,0.0,DEFAULT_VEHTYPE,road_4_5_3_0,road_1_4_1_0,0.0
1.326,652.0,1130.0,478.0,156.0,187.57,2977.07,0.0,DEFAULT_VEHTYPE,road_5_4_2_0,road_2_4_1_0,0.0
1.505,1010.0,1144.0,134.0,0.0,10.7,1376.73,0.0,DEFAULT_VEHTYPE,road_4_0_1_0,road_4_1_0_0,0.0
1.177,356.0,1147.0,791.0,283.0,339.15,5166.9,0.0,DEFAULT_VEHTYPE,road_5_4_2_0,road_1_2_2_1,2.0
1.466,932.0,1147.0,215.0,0.0,15.95,2158.56,0.0,DEFAULT_VEHTYPE,road_0_3_0_0,road_1_2_2_0,0.0
1.487,974.0,1155.0,181.0,0.0,13.4,1958.56,0.0,DEFAULT_VEHTYPE,road_1_0_1_0,road_2_1_3_0,0.0
1.281,562.0,1159.0,597.0,150.0,197.96,4774.92,0.0,DEFAULT_VEHTYPE,road_3_0_1_0,road_1_4_2_0,0.0
1.482,964.0,1161.0,197.0,0.0,13.7,2194.86,0.0,DEFAULT_VEHTYPE,road_0_2_0_0,road_1_3_2_0,0.0
1.474,949.0,1162.0,213.0,3.0,22.19,2194.86,0.0,DEFAULT_VEHTYPE,road_5_4_2_0,road_4_3_0_0,1.0
1.250,500.0,1163.0,663.0,153.0,201.19,4754.23,0.0,DEFAULT_VEHTYPE,road_3_5_3_0,road_1_1_2_0,0.0
1.206,412.0,1164.0,752.0,250.0,304.57,4975.05,0.0,DEFAULT_VEHTYPE,road_4_0_1_0,road_1_3_2_0,0.0
1.241,482.0,1164.0,682.0,183.0,238.66,4975.05,0.0,DEFAULT_VEHTYPE,road_1_5_3_0,road_4_2_0_0,0.0
1.414,828.0,1166.0,338.0,58.0,86.31,2787.57,0.0,DEFAULT_VEHTYPE,road_3_5_3_0,road_4_3_0_0,0.0
1.346,692.0,1174.0,482.0,186.0,222.34,3177.24,0.0,DEFAULT_VEHTYPE,road_4_0_1_0,road_4_4_0_0,0.0
1.348,696.0,1174.0,478.0,182.0,224.83,3177.24,0.0,DEFAULT_VEHTYPE,road_4_0_1_0,road_4_4_0_1,0.0
1.421,842.0,1180.0,338.0,91.0,117.09,2577.07,0.0,DEFAULT_VEHTYPE,road_4_0_1_0,road_4_3_0_0,0.0
1.377,754.0,1184.0,430.0,113.0,146.61,3397.83,0.0,DEFAULT_VEHTYPE,road_5_4_2_0,road_4_1_0_0,0.0
1.280,560.0,1188.0,628.0,227.0,265.29,3985.07,0.0,DEFAULT_VEHTYPE,road_2_0_1_0,road_1_4_2_0,0.0
1.350,700.0,1188.0,488.0,168.0,205.92,3177.24,0.0,DEFAULT_VEHTYPE,road_4_0_1_0,road_4_4_0_0,0.0
1.396,793.0,1188.0,395.0,0.0,28.89,3987.09,0.0,DEFAULT_VEHTYPE,road_5_3_2_0,road_4_3_0_0,1.0
1.302,604.0,1190.0,586.0,257.0,292.39,3198.06,0.0,DEFAULT_VEHTYPE,road_4_5_3_0,road_4_1_0_0,0.0
1.424,848.0,1190.0,342.0,82.0,108.98,2597.89,0.0,DEFAULT_VEHTYPE,road_4_5_3_0,road_4_2_0_0,0.0
1.227,454.0,1192.0,738.0,215.0,269.17,5762.42,0.0,DEFAULT_VEHTYPE,road_0_4_0_0,road_4_1_0_1,0.0
1.411,822.0,1192.0,370.0,101.0,131.93,2577.07,0.0,DEFAULT_VEHTYPE,road_4_0_1_0,road_4_3_0_0,0.0
1.292,584.0,1195.0,611.0,239.0,281.8,3995.58,0.0,DEFAULT_VEHTYPE,road_5_3_2_0,road_1_3_2_1,0.0
1.385,770.0,1195.0,425.0,95.0,119.6,3569.62,0.0,DEFAULT_VEHTYPE,road_3_5_3_0,road_1_3_2_0,0.0
1.430,860.0,1195.0,335.0,8.0,50.18,4156.77,0.0,DEFAULT_VEHTYPE,road_5_2_2_0,road_2_4_1_0,0.0
1.218,436.0,1197.0,761.0,328.0,373.7,4582.72,0.0,DEFAULT_VEHTYPE,road_0_4_0_0,road_4_3_0_0,0.0
1.308,616.0,1200.0,584.0,193.0,240.15,3779.94,0.0,DEFAULT_VEHTYPE,road_4_5_3_0,road_1_4_2_0,0.0
1.399,798.0,1200.0,402.0,87.0,116.55,3364.21,0.0,DEFAULT_VEHTYPE,road_3_0_1_0,road_4_3_0_0,0.0
1.297,594.0,1201.0,607.0,213.0,259.41,3795.35,0.0,DEFAULT_VEHTYPE,road_1_5_3_0,road_4_4_0_0,0.0
1.295,590.0,1203.0,613.0,196.0,238.31,3995.58,0.0,DEFAULT_VEHTYPE,road_5_2_2_0,road_1_2_2_0,0.0
1.463,926.0,1206.0,280.0,106.0,124.28,1994.86,0.0,DEFAULT_VEHTYPE,road_2_5_3_0,road_3_4_1_0,0.0
1.263,526.0,1207.0,681.0,204.0,249.43,4582.59,0.0,DEFAULT_VEHTYPE,road_5_4_2_0,road_1_3_2_0,0.0
1.443,886.0,1207.0,321.0,91.0,117.76,2787.57,0.0,DEFAULT_VEHTYPE,road_0_3_0_0,road_2_4_1_0,0.0
1.335,670.0,1209.0,539.0,140.0,175.85,3585.03,0.0,DEFAULT_VEHTYPE,road_2_5_3_0,road_4_3_0_0,0.0
1.395,790.0,1209.0,419.0,123.0,150.55,3385.03,0.0,DEFAULT_VEHTYPE,road_5_3_2_0,road_3_1_3_0,0.0
1.402,804.0,1209.0,405.0,79.0,106.0,3364.21,0.0,DEFAULT_VEHTYPE,road_2_5_3_0,road_1_2_2_0,0.0
1.287,574.0,1210.0,636.0,143.0,192.09,4369.79,0.0,DEFAULT_VEHTYPE,road_1_0_1_0,road_4_2_0_0,0.0
1.299,598.0,1210.0,612.0,127.0,177.39,5567.61,0.0,DEFAULT_VEHTYPE,road_0_1_0_0,road_4_4_1_0,0.0
1.498,996.0,1212.0,216.0,38.0,61.71,1994.86,0.0,DEFAULT_VEHTYPE,road_1_5_3_0,road_2_4_1_0,0.0
1.276,552.0,1214.0,662.0,198.0,248.42,3995.58,0.0,DEFAULT_VEHTYPE,road_0_2_0_0,road_4_2_0_0,0.0
1.404,809.0,1215.0,406.0,48.0,80.33,3948.75,0.0,DEFAULT_VEHTYPE,road_3_0_1_0,road_3_1_3_0,1.0
1.209,418.0,1217.0,799.0,347.0,396.82,4385.07,0.0,DEFAULT_VEHTYPE,road_5_2_2_0,road_1_1_3_0,0.0
1.331,662.0,1217.0,555.0,13.0,62.86,5567.61,0.0,DEFAULT_VEHTYPE,road_5_4_2_0,road_1_1_3_1,0.0
1.453,906.0,1217.0,311.0,29.0,54.88,2789.59,0.0,DEFAULT_VEHTYPE,road_4_0_1_0,road_4_1_3_0,0.0
1.216,432.0,1218.0,786.0,331.0,377.09,4385.07,0.0,DEFAULT_VEHTYPE,road_0_3_0_0,road_4_4_1_0,0.0
1.327,654.0,1218.0,564.0,187.0,224.09,3584.9,0.0,DEFAULT_VEHTYPE,road_5_2_2_0,road_2_1_3_0,0.0
1.492,984.0,1219.0,235.0,0.0,17.58,2789.59,0.0,DEFAULT_VEHTYPE,road_4_0_1_0,road_4_1_3_0,0.0
1.324,648.0,1220.0,572.0,150.0,190.47,3948.75,0.0,DEFAULT_VEHTYPE,road_2_5_3_0,road_2_4_1_0,0.0
1.319,638.0,1222.0,584.0,186.0,220.23,4566.9,0.0,DEFAULT_VEHTYPE,road_3_0_1_0,road_1_4_1_0,0.0
1.386,772.0,1223.0,451.0,37.0,72.73,4156.77,0.0,DEFAULT_VEHTYPE,road_0_3_0_0,road_3_1_3_0,0.0
1.390,780.0,1223.0,443.0,48.0,92.52,4156.77,0.0,DEFAULT_VEHTYPE,road_5_2_2_0,road_2_4_1_0,0.0
1.514,1028.0,1225.0,197.0,0.0,15.05,2158.56,0.0,DEFAULT_VEHTYPE,road_0_3_0_0,road_1_2_2_0,0.0
1.415,830.0,1226.0,396.0,7.0,44.54,4156.77,0.0,DEFAULT_VEHTYPE,road_5_2_2_0,road_2_4_1_1,0.0
1.439,878.0,1228.0,350.0,50.0,78.84,2787.57,0.0,DEFAULT_VEHTYPE,road_0_3_0_0,road_2_4_1_0,0.0
1.260,520.0,1229.0,709.0,172.0,230.22,3995.58,0.0,DEFAULT_VEHTYPE,road_5_4_2_0,road_1_4_2_0,0.0
1.234,468.0,1230.0,762.0,180.0,229.55,5362.42,0.0,DEFAULT_VEHTYPE,road_4_5_3_0,road_1_1_3_0,0.0
1.510,1020.0,1230.0,210.0,0.0,15.5,2158.56,0.0,DEFAULT_VEHTYPE,road_0_4_0_0,road_1_3_2_0,0.0
1.361,722.0,1232.0,510.0,150.0,189.64,3364.08,0.0,DEFAULT_VEHTYPE,road_5_2_2_0,road_3_4_1_0,0.0
1.344,688.0,1236.0,548.0,0.0,36.64,5546.79,0.0,DEFAULT_VEHTYPE,road_0_4_0_0,road_4_1_3_0,0.0
1.334,668.0,1241.0,573.0,249.0,285.11,3782.59,0.0,DEFAULT_VEHTYPE,road_3_0_1_0,road_2_4_1_0,0.0
1.336,672.0,1241.0,569.0,239.0,274.71,3777.24,0.0,DEFAULT_VEHTYPE,road_5_4_2_0,road_1_4_1_0,0.0
1.368,736.0,1243.0,507.0,167.0,207.47,3782.72,0.0,DEFAULT_VEHTYPE,road_2_5_3_0,road_1_1_3_1,0.0
1.437,874.0,1243.0,369.0,48.0,76.03,3364.08,0.0,DEFAULT_VEHTYPE,road_5_2_2_0,road_3_4_1_0,0.0
1.495,990.0,1246.0,256.0,25.0,45.74,1994.86,0.0,DEFAULT_VEHTYPE,road_2_0_1_0,road_1_1_3_0,0.0
1.355,710.0,1248.0,538.0,230.0,277.19,2995.58,0.0,DEFAULT_VEHTYPE,road_4_5_3_0,road_4_1_3_0,0.0
1.300,600.0,1250.0,650.0,240.0,281.34,4364.38,0.0,DEFAULT_VEHTYPE,road_0_2_0_0,road_4_1_3_1,0.0
1.199,398.0,1251.0,853.0,299.0,354.88,4566.9,0.0,DEFAULT_VEHTYPE,road_4_0_1_0,road_2_4_1_0,0.0
1.323,647.0,1252.0,605.0,201.0,236.33,3364.08,0.0,DEFAULT_VEHTYPE,road_5_2_2_0,road_3_4_1_0,1.0
1.357,714.0,1255.0,541.0,144.0,182.39,3782.72,0.0,DEFAULT_VEHTYPE,road_2_5_3_0,road_1_1_3_0,0.0
1.251,502.0,1259.0,757.0,317.0,368.42,3782.72,0.0,DEFAULT_VEHTYPE,road_2_0_1_0,road_3_4_1_0,0.0
1.436,872.0,1263.0,391.0,96.0,126.22,2579.77,0.0,DEFAULT_VEHTYPE,road_0_3_0_0,road_1_1_3_0,0.0
1.412,824.0,1264.0,440.0,130.0,161.93,2977.07,0.0,DEFAULT_VEHTYPE,road_5_4_2_0,road_2_4_1_0,0.0
1.398,796.0,1286.0,490.0,106.0,149.2,4754.23,0.0,DEFAULT_VEHTYPE,road_2_0_1_0,road_4_4_0_0,0.0
1.499,998.0,1290.0,292.0,108.0,131.4,2194.86,0.0,DEFAULT_VEHTYPE,road_5_4_2_0,road_4_3_0_0,0.0
1.413,826.0,1295.0,469.0,97.0,134.46,2977.07,0.0,DEFAULT_VEHTYPE,road_0_1_0_0,road_3_1_3_0,0.0
1.290,580.0,1296.0,716.0,206.0,254.71,4954.1,0.0,DEFAULT_VEHTYPE,road_1_0_1_0,road_4_3_0_0,0.0
1.442,884.0,1296.0,412.0,158.0,184.47,2797.66,0.0,DEFAULT_VEHTYPE,road_5_3_2_0,road_4_1_0_0,0.0
1.365,730.0,1300.0,570.0,139.0,184.19,4774.92,0.0,DEFAULT_VEHTYPE,road_2_5_3_0,road_4_1_0_0,0.0
1.486,972.0,1300.0,328.0,102.0,126.02,2761.43,0.0,DEFAULT_VEHTYPE,road_5_2_2_0,road_4_4_0_0,0.0
1.237,476.0,1310.0,834.0,299.0,348.16,4754.23,0.0,DEFAULT_VEHTYPE,road_2_0_1_0,road_4_4_0_0,2.0
1.265,530.0,1310.0,780.0,245.0,295.47,5172.57,0.0,DEFAULT_VEHTYPE,road_0_3_0_0,road_4_1_0_0,0.0
1.475,950.0,1311.0,361.0,71.0,97.41,2778.71,0.0,DEFAULT_VEHTYPE,road_4_5_3_0,road_4_4_1_0,0.0
1.448,896.0,1312.0,416.0,103.0,130.18,2766.75,0.0,DEFAULT_VEHTYPE,road_2_5_3_0,road_1_3_2_0,0.0
1.460,921.0,1313.0,392.0,161.0,185.09,2577.07,0.0,DEFAULT_VEHTYPE,road_4_0_1_0,road_4_3_0_0,1.0
1.296,592.0,1319.0,727.0,258.0,302.98,5172.57,0.0,DEFAULT_VEHTYPE,road_0_4_0_0,road_4_2_0_0,0.0
1.433,866.0,1323.0,457.0,150.0,181.94,3198.06,0.0,DEFAULT_VEHTYPE,road_1_0_1_0,road_1_4_2_0,0.0
1.519,1038.0,1324.0,286.0,25.0,48.45,2761.43,0.0,DEFAULT_VEHTYPE,road_0_3_0_0,road_1_1_2_0,0.0
1.435,870.0,1325.0,455.0,128.0,167.49,3384.9,0.0,DEFAULT_VEHTYPE,road_3_5_3_0,road_4_2_0_0,0.0
1.367,734.0,1328.0,594.0,195.0,233.07,3985.07,0.0,DEFAULT_VEHTYPE,road_3_5_3_0,road_4_1_0_0,0.0
1.397,794.0,1331.0,537.0,148.0,184.5,4369.79,0.0,DEFAULT_VEHTYPE,road_1_0_1_0,road_4_2_0_0,0.0
1.340,680.0,1332.0,652.0,249.0,294.24,4385.2,0.0,DEFAULT_VEHTYPE,road_4_0_1_0,road_1_2_2_0,0.0
1.525,1050.0,1332.0,282.0,6.0,36.85,2761.43,0.0,DEFAULT_VEHTYPE,road_5_1_2_0,road_4_3_0_0,0.0
1.366,732.0,1334.0,602.0,188.0,230.83,4582.59,0.0,DEFAULT_VEHTYPE,road_5_3_2_0,road_1_2_2_1,0.0
1.393,786.0,1334.0,548.0,136.0,178.13,4582.59,0.0,DEFAULT_VEHTYPE,road_5_4_2_0,road_1_3_2_0,0.0
1.457,914.0,1334.0,420.0,148.0,177.11,2979.77,0.0,DEFAULT_VEHTYPE,road_3_5_3_0,road_1_4_2_0,0.0
1.538,1076.0,1339.0,263.0,50.0,70.85,1976.9,0.0,DEFAULT_VEHTYPE,road_4_0_1_0,road_4_2_0_0,0.0
1.328,656.0,1340.0,684.0,224.0,272.03,4582.72,0.0,DEFAULT_VEHTYPE,road_0_2_0_0,road_4_1_0_0,0.0
1.515,1030.0,1341.0,311.0,94.0,113.53,1997.72,0.0,DEFAULT_VEHTYPE,road_1_0_1_0,road_1_2_2_0,0.0
1.279,558.0,1342.0,784.0,198.0,246.6,5762.42,0.0,DEFAULT_VEHTYPE,road_5_1_2_0,road_1_4_2_0,0.0
1.518,1036.0,1346.0,310.0,40.0,65.93,2778.71,0.0,DEFAULT_VEHTYPE,road_0_4_0_0,road_1_4_2_0,0.0
1.347,694.0,1348.0,654.0,149.0,196.66,4158.67,0.0,DEFAULT_VEHTYPE,road_5_1_2_0,road_3_4_2_0,0.0
1.360,720.0,1349.0,629.0,199.0,250.18,4974.92,0.0,DEFAULT_VEHTYPE,road_0_2_0_0,road_4_4_1_0,0.0
1.410,820.0,1350.0,530.0,250.0,285.47,2997.89,0.0,DEFAULT_VEHTYPE,road_5_1_2_0,road_2_1_3_0,0.0
1.449,898.0,1352.0,454.0,101.0,134.54,3948.75,0.0,DEFAULT_VEHTYPE,road_3_5_3_0,road_3_4_1_0,0.0
1.407,814.0,1353.0,539.0,124.0,163.97,3569.62,0.0,DEFAULT_VEHTYPE,road_3_5_3_0,road_1_3_2_0,0.0
1.578,1156.0,1353.0,197.0,0.0,15.88,1958.56,0.0,DEFAULT_VEHTYPE,road_2_5_3_0,road_1_4_1_0,0.0
1.447,894.0,1354.0,460.0,128.0,161.34,3964.25,0.0,DEFAULT_VEHTYPE,road_0_4_0_0,road_2_1_3_0,0.0
1.491,982.0,1355.0,373.0,105.0,131.97,2787.57,0.0,DEFAULT_VEHTYPE,road_0_3_0_0,road_2_4_1_1,0.0
2.21,1221.0,1355.0,134.0,0.0,9.6,1397.55,0.0,DEFAULT_VEHTYPE,road_0_4_0_0,road_1_4_1_0,0.0
1.278,556.0,1356.0,800.0,299.0,346.94,4974.92,0.0,DEFAULT_VEHTYPE,road_0_2_0_0,road_4_4_1_0,0.0
1.342,684.0,1356.0,672.0,269.0,312.17,3985.2,0.0,DEFAULT_VEHTYPE,road_0_1_0_0,road_2_4_1_0,0.0
1.541,1082.0,1356.0,274.0,91.0,113.57,1994.86,0.0,DEFAULT_VEHTYPE,road_1_5_3_0,road_2_4_1_2,0.0
2.10,1212.0,1356.0,144.0,8.0,23.89,1397.55,0.0,DEFAULT_VEHTYPE,road_5_1_2_0,road_4_1_3_0,2.0
1.291,582.0,1358.0,776.0,321.0,367.69,4385.07,0.0,DEFAULT_VEHTYPE,road_5_2_2_0,road_1_1_3_0,0.0
1.356,712.0,1358.0,646.0,228.0,271.53,3985.2,0.0,DEFAULT_VEHTYPE,road_5_4_2_0,road_3_1_3_0,0.0
1.384,768.0,1358.0,590.0,136.0,182.69,4974.92,0.0,DEFAULT_VEHTYPE,road_0_2_0_0,road_4_4_1_1,0.0
1.283,566.0,1359.0,793.0,288.0,351.56,4974.92,0.0,DEFAULT_VEHTYPE,road_0_2_0_0,road_4_4_1_0,0.0
1.444,888.0,1359.0,471.0,178.0,207.16,2797.66,0.0,DEFAULT_VEHTYPE,road_1_5_3_0,road_3_4_1_0,0.0
1.445,890.0,1360.0,470.0,176.0,209.87,2797.66,0.0,DEFAULT_VEHTYPE,road_4_0_1_0,road_2_1_3_0,0.0
2.15,1215.0,1360.0,145.0,1.0,18.87,1397.55,0.0,DEFAULT_VEHTYPE,road_5_1_2_0,road_4_1_3_0,0.0
1.419,838.0,1361.0,523.0,237.0,278.57,2797.66,0.0,DEFAULT_VEHTYPE,road_2_5_3_0,road_4_4_1_0,0.0
1.470,941.0,1361.0,420.0,19.0,58.79,4156.77,0.0,DEFAULT_VEHTYPE,road_5_2_2_0,road_2_4_1_0,1.0
1.542,1084.0,1361.0,277.0,80.0,99.56,1994.86,0.0,DEFAULT_VEHTYPE,road_2_0_1_0,road_1_1_3_0,0.0
1.383,766.0,1365.0,599.0,186.0,236.67,4566.9,0.0,DEFAULT_VEHTYPE,road_2_5_3_0,road_4_1_3_0,0.0
1.387,774.0,1365.0,591.0,275.0,309.83,2797.66,0.0,DEFAULT_VEHTYPE,road_3_0_1_0,road_1_1_3_0,0.0
1.533,1066.0,1365.0,299.0,100.0,117.47,1994.86,0.0,DEFAULT_VEHTYPE,road_4_0_1_0,road_3_1_3_0,0.0
1.522,1044.0,1367.0,323.0,71.0,94.02,2197.72,0.0,DEFAULT_VEHTYPE,road_5_1_2_0,road_3_1_3_0,0.0
1.372,744.0,1368.0,624.0,101.0,146.07,5362.42,0.0,DEFAULT_VEHTYPE,road_1_0_1_0,road_4_4_1_0,0.0
1.417,834.0,1369.0,535.0,127.0,162.04,4572.57,0.0,DEFAULT_VEHTYPE,road_4_5_3_0,road_2_1_3_0,0.0
1.406,812.0,1372.0,560.0,0.0,37.29,5546.79,0.0,DEFAULT_VEHTYPE,road_0_4_0_0,road_4_1_3_0,0.0
1.459,918.0,1375.0,457.0,93.0,128.08,2789.59,0.0,DEFAULT_VEHTYPE,road_4_0_1_0,road_4_1_3_0,0.0
1.375,750.0,1381.0,631.0,186.0,230.94,3597.83,0.0,DEFAULT_VEHTYPE,road_1_5_3_0,road_4_4_1_0,0.0
1.274,548.0,1384.0,836.0,211.0,268.91,5362.42,0.0,DEFAULT_VEHTYPE,road_4_5_3_0,road_1_1_3_0,0.0
1.416,832.0,1384.0,552.0,207.0,248.64,3782.59,0.0,DEFAULT_VEHTYPE,road_3_0_1_0,road_2_4_1_0,0.0
1.391,782.0,1386.0,604.0,258.0,295.88,3782.72,0.0,DEFAULT_VEHTYPE,road_4_5_3_0,road_3_1_3_0,0.0
1.574,1148.0,1386.0,238.0,0.0,19.61,2158.56,0.0,DEFAULT_VEHTYPE,road_0_2_0_0,road_1_1_2_0,0.0
1.481,962.0,1388.0,426.0,176.0,202.66,2579.77,0.0,DEFAULT_VEHTYPE,road_5_2_2_0,road_4_4_1_0,0.0
1.521,1043.0,1388.0,345.0,92.0,120.38,2761.43,0.0,DEFAULT_VEHTYPE,road_4_5_3_0,road_2_4_1_0,1.0
1.450,900.0,1389.0,489.0,128.0,169.56,3777.24,0.0,DEFAULT_VEHTYPE,road_5_4_2_0,road_1_4_1_0,0.0
1.409,818.0,1391.0,573.0,262.0,300.76,2995.58,0.0,DEFAULT_VEHTYPE,road_4_5_3_0,road_4_1_3_0,0.0
2.17,1217.0,1391.0,174.0,0.0,13.28,1958.56,0.0,DEFAULT_VEHTYPE,road_2_0_1_0,road_3_1_3_0,0.0
1.400,800.0,1392.0,592.0,282.0,315.54,2995.58,0.0,DEFAULT_VEHTYPE,road_1_0_1_0,road_1_4_1_0,0.0
1.465,930.0,1393.0,463.0,122.0,157.54,3561.6,0.0,DEFAULT_VEHTYPE,road_1_0_1_0,road_4_1_3_0,0.0
1.389,778.0,1395.0,617.0,205.0,248.37,3782.72,0.0,DEFAULT_VEHTYPE,road_2_5_3_0,road_1_1_3_0,0.0
1.596,1192.0,1411.0,219.0,0.0,17.38,2158.56,0.0,DEFAULT_VEHTYPE,road_0_2_0_0,road_1_1_2_0,0.0
1.540,1080.0,1412.0,332.0,98.0,118.06,2766.75,0.0,DEFAULT_VEHTYPE,road_2_5_3_0,road_1_3_2_0,0.0
2.13,1213.0,1414.0,201.0,0.0,14.54,1979.6,0.0,DEFAULT_VEHTYPE,road_0_2_0_0,road_1_1_3_0,0.0
1.478,956.0,1420.0,464.0,125.0,158.24,2977.07,0.0,DEFAULT_VEHTYPE,road_0_1_0_0,road_3_1_3_0,0.0
1.592,1184.0,1431.0,247.0,21.0,45.26,2789.59,0.0,DEFAULT_VEHTYPE,road_0_1_0_0,road_1_1_2_0,0.0
1.403,806.0,1438.0,632.0,183.0,236.62,4774.92,0.0,DEFAULT_VEHTYPE,road_3_0_1_0,road_1_4_2_0,0.0
1.598,1196.0,1440.0,244.0,0.0,16.91,2787.57,0.0,DEFAULT_VEHTYPE,road_3_5_3_0,road_4_3_0_0,0.0
2.107,1307.0,1444.0,137.0,0.0,11.34,1376.73,0.0,DEFAULT_VEHTYPE,road_5_4_2_0,road_4_4_1_0,0.0
2.65,1265.0,1445.0,180.0,39.0,53.11,1397.55,0.0,DEFAULT_VEHTYPE,road_1_0_1_0,road_1_1_2_0,0.0
1.476,952.0,1446.0,494.0,205.0,238.05,2797.66,0.0,DEFAULT_VEHTYPE,road_5_4_2_0,road_4_2_0_0,0.0
2.22,1222.0,1446.0,224.0,4.0,29.4,2194.86,0.0,DEFAULT_VEHTYPE,road_0_2_0_0,road_1_3_2_0,0.0
1.321,642.0,1452.0,810.0,245.0,296.93,4954.1,0.0,DEFAULT_VEHTYPE,road_4_5_3_0,road_1_2_2_0,0.0
1.333,667.0,1452.0,785.0,235.0,285.02,5172.57,0.0,DEFAULT_VEHTYPE,road_5_1_2_0,road_1_3_2_0,1.0
1.537,1074.0,1459.0,385.0,147.0,172.53,1997.72,0.0,DEFAULT_VEHTYPE,road_4_5_3_0,road_4_3_0_0,0.0
2.25,1225.0,1459.0,234.0,50.0,68.22,1976.9,0.0,DEFAULT_VEHTYPE,road_1_5_3_0,road_1_3_2_0,0.0
1.564,1128.0,1461.0,333.0,95.0,117.28,1997.72,0.0,DEFAULT_VEHTYPE,road_1_0_1_0,road_1_2_2_0,0.0
2.73,1273.0,1463.0,190.0,0.0,15.44,1958.56,0.0,DEFAULT_VEHTYPE,road_3_0_1_0,road_4_1_3_0,0.0
1.429,858.0,1464.0,606.0,228.0,269.33,4582.72,0.0,DEFAULT_VEHTYPE,road_0_2_0_0,road_4_1_0_0,0.0
1.544,1088.0,1466.0,378.0,120.0,148.23,2577.07,0.0,DEFAULT_VEHTYPE,road_1_5_3_0,road_1_2_2_0,0.0
1.552,1104.0,1466.0,362.0,92.0,116.7,2761.43,0.0,DEFAULT_VEHTYPE,road_5_1_2_0,road_4_3_0_0,0.0
1.423,846.0,1469.0,623.0,223.0,266.12,3985.07,0.0,DEFAULT_VEHTYPE,road_2_0_1_0,road_1_4_2_0,0.0
1.438,876.0,1469.0,593.0,242.0,284.17,3995.58,0.0,DEFAULT_VEHTYPE,road_0_4_0_0,road_4_4_0_0,0.0
1.585,1170.0,1473.0,303.0,29.0,52.66,2761.43,0.0,DEFAULT_VEHTYPE,road_0_4_0_0,road_1_2_2_0,0.0
1.456,912.0,1474.0,562.0,157.0,195.28,4369.79,0.0,DEFAULT_VEHTYPE,road_1_0_1_0,road_4_2_0_0,0.0
1.432,864.0,1478.0,614.0,179.0,221.76,4582.59,0.0,DEFAULT_VEHTYPE,road_0_1_0_0,road_4_2_0_0,0.0
1.568,1136.0,1478.0,342.0,22.0,48.29,2787.57,0.0,DEFAULT_VEHTYPE,road_2_0_1_0,road_1_2_2_0,0.0
2.44,1244.0,1478.0,234.0,0.0,17.8,2158.56,0.0,DEFAULT_VEHTYPE,road_0_2_0_0,road_1_1_2_0,0.0
1.408,816.0,1479.0,663.0,264.0,308.26,3995.58,0.0,DEFAULT_VEHTYPE,road_5_1_2_0,road_1_1_2_1,0.0
2.31,1231.0,1480.0,249.0,41.0,61.65,2179.6,0.0,DEFAULT_VEHTYPE,road_3_0_1_0,road_4_1_0_0,0.0
2.111,1311.0,1481.0,170.0,0.0,13.87,1958.56,0.0,DEFAULT_VEHTYPE,road_3_0_1_0,road_4_1_3_0,0.0
1.364,728.0,1484.0,756.0,291.0,340.17,4582.59,0.0,DEFAULT_VEHTYPE,road_0_1_0_0,road_4_2_0_0,0.0
1.555,1111.0,1484.0,373.0,50.0,88.04,3569.62,0.0,DEFAULT_VEHTYPE,road_3_5_3_0,road_1_3_2_0,1.0
1.553,1106.0,1485.0,379.0,46.0,79.35,2778.71,0.0,DEFAULT_VEHTYPE,road_4_5_3_0,road_4_4_1_0,0.0
1.418,836.0,1486.0,650.0,180.0,221.77,4385.2,0.0,DEFAULT_VEHTYPE,road_4_0_1_0,road_1_2_2_0,0.0
1.468,937.0,1486.0,549.0,152.0,210.42,3964.38,0.0,DEFAULT_VEHTYPE,road_3_0_1_0,road_4_4_0_0,1.0
2.108,1308.0,1486.0,178.0,0.0,15.32,1958.56,0.0,DEFAULT_VEHTYPE,road_3_0_1_0,road_4_1_3_0,0.0
1.464,928.0,1488.0,560.0,121.0,160.13,5362.42,0.0,DEFAULT_VEHTYPE,road_4_5_3_0,road_1_1_3_0,0.0
1.504,1008.0,1488.0,480.0,105.0,141.68,4156.77,0.0,DEFAULT_VEHTYPE,road_5_2_2_0,road_2_4_1_0,0.0
1.548,1096.0,1488.0,392.0,200.0,221.67,2197.72,0.0,DEFAULT_VEHTYPE,road_5_1_2_0,road_3_1_3_0,0.0
1.554,1108.0,1489.0,381.0,50.0,82.0,2979.77,0.0,DEFAULT_VEHTYPE,road_3_5_3_0,road_1_4_2_0,0.0
1.543,1087.0,1491.0,404.0,72.0,105.21,2979.77,0.0,DEFAULT_VEHTYPE,road_2_0_1_0,road_4_1_0_0,1.0
1.455,910.0,1492.0,582.0,241.0,277.51,2995.18,0.0,DEFAULT_VEHTYPE,road_2_5_3_0,road_4_4_0_0,0.0
1.461,924.0,1492.0,568.0,206.0,257.0,3177.24,0.0,DEFAULT_VEHTYPE,road_4_0_1_0,road_4_4_0_1,2.0
1.508,1016.0,1493.0,477.0,134.0,167.61,3584.9,0.0,DEFAULT_VEHTYPE,road_0_3_0_0,road_3_4_1_0,0.0
1.484,968.0,1494.0,526.0,114.0,161.36,3964.38,0.0,DEFAULT_VEHTYPE,road_3_0_1_0,road_4_4_0_0,0.0
2.127,1327.0,1495.0,168.0,0.0,15.31,1376.73,0.0,DEFAULT_VEHTYPE,road_5_4_2_0,road_4_4_1_0,0.0
1.531,1062.0,1496.0,434.0,23.0,62.97,4177.59,0.0,DEFAULT_VEHTYPE,road_0_2_0_0,road_3_4_1_0,0.0
1.428,856.0,1498.0,642.0,162.0,213.78,4572.57,0.0,DEFAULT_VEHTYPE,road_4_5_3_0,road_2_1_3_0,0.0
2.34,1234.0,1498.0,264.0,0.0,19.93,2789.59,0.0,DEFAULT_VEHTYPE,road_1_5_3_0,road_1_4_1_0,0.0
2.79,1279.0,1498.0,219.0,2.0,20.26,2158.56,0.0,DEFAULT_VEHTYPE,road_0_4_0_0,road_1_3_2_0,0.0
1.382,764.0,1502.0,738.0,261.0,316.77,3964.38,0.0,DEFAULT_VEHTYPE,road_3_0_1_0,road_4_4_0_0,0.0
2.74,1274.0,1503.0,229.0,72.0,86.38,1397.55,0.0,DEFAULT_VEHTYPE,road_0_4_0_0,road_1_4_1_0,0.0
1.351,702.0,1511.0,809.0,266.0,323.29,4385.07,0.0,DEFAULT_VEHTYPE,road_5_2_2_0,road_1_1_3_0,0.0
1.371,742.0,1511.0,769.0,204.0,251.87,5356.75,0.0,DEFAULT_VEHTYPE,road_1_5_3_0,road_4_1_3_0,0.0
2.51,1251.0,1511.0,260.0,61.0,82.13,1994.86,0.0,DEFAULT_VEHTYPE,road_4_0_1_0,road_3_1_3_0,0.0
2.7,1207.0,1513.0,306.0,95.0,114.08,1994.86,0.0,DEFAULT_VEHTYPE,road_4_0_1_0,road_3_1_3_1,0.0
1.363,726.0,1524.0,798.0,208.0,262.54,5356.75,0.0,DEFAULT_VEHTYPE,road_4_0_1_0,road_1_4_1_0,0.0
1.496,992.0,1524.0,532.0,255.0,288.16,2995.58,0.0,DEFAULT_VEHTYPE,road_2_5_3_0,road_2_1_3_0,0.0
1.560,1120.0,1524.0,404.0,173.0,198.01,2579.77,0.0,DEFAULT_VEHTYPE,road_5_2_2_0,road_4_4_1_0,0.0
1.485,970.0,1526.0,556.0,258.0,291.33,3179.94,0.0,DEFAULT_VEHTYPE,road_0_4_0_0,road_1_1_3_0,0.0
2.23,1225.0,1529.0,304.0,70.0,96.09,2595.18,0.0,DEFAULT_VEHTYPE,road_0_2_0_0,road_1_4_1_0,2.0
2.110,1310.0,1530.0,220.0,14.0,32.52,2176.9,0.0,DEFAULT_VEHTYPE,road_5_4_2_0,road_3_4_1_0,0.0
1.472,944.0,1531.0,587.0,285.0,326.38,2995.58,0.0,DEFAULT_VEHTYPE,road_1_5_3_0,road_1_1_3_0,0.0
1.532,1065.0,1533.0,468.0,194.0,226.15,2595.18,0.0,DEFAULT_VEHTYPE,road_0_2_0_0,road_1_4_1_0,1.0
1.489,978.0,1534.0,556.0,154.0,193.86,3782.72,0.0,DEFAULT_VEHTYPE,road_1_0_1_0,road_2_4_1_0,0.0
1.467,934.0,1535.0,601.0,213.0,258.63,3782.72,0.0,DEFAULT_VEHTYPE,road_3_0_1_0,road_4_4_1_0,0.0
2.47,1250.0,1535.0,285.0,0.0,26.95,2766.75,0.0,DEFAULT_VEHTYPE,road_0_2_0_0,road_2_1_3_0,3.0
2.66,1267.0,1537.0,270.0,61.0,100.49,1979.6,0.0,DEFAULT_VEHTYPE,road_5_3_2_0,road_4_4_1_0,1.0
1.503,1006.0,1538.0,532.0,190.0,231.44,3179.94,0.0,DEFAULT_VEHTYPE,road_0_4_0_0,road_1_1_3_0,0.0
1.420,840.0,1539.0,699.0,138.0,185.01,5356.75,0.0,DEFAULT_VEHTYPE,road_1_5_3_0,road_4_1_3_0,0.0
1.493,986.0,1539.0,553.0,131.0,172.04,4775.05,0.0,DEFAULT_VEHTYPE,road_5_4_2_0,road_2_1_3_0,0.0
2.130,1330.0,1539.0,209.0,0.0,15.48,2158.56,0.0,DEFAULT_VEHTYPE,road_5_3_2_0,road_4_4_0_0,0.0
1.440,880.0,1540.0,660.0,314.0,358.11,2995.58,0.0,DEFAULT_VEHTYPE,road_1_0_1_0,road_1_4_1_0,0.0
1.565,1130.0,1542.0,412.0,55.0,83.7,3561.6,0.0,DEFAULT_VEHTYPE,road_4_5_3_0,road_1_4_1_1,0.0
1.523,1046.0,1543.0,497.0,132.0,166.19,3564.21,0.0,DEFAULT_VEHTYPE,road_0_2_0_0,road_3_1_3_0,0.0
1.434,868.0,1546.0,678.0,132.0,186.12,4156.77,0.0,DEFAULT_VEHTYPE,road_0_3_0_0,road_3_1_3_0,0.0
1.494,988.0,1552.0,564.0,146.0,183.13,4954.1,0.0,DEFAULT_VEHTYPE,road_4_5_3_0,road_1_2_2_0,0.0
2.132,1332.0,1552.0,220.0,27.0,44.66,1995.01,0.0,DEFAULT_VEHTYPE,road_5_2_2_0,road_4_1_3_0,0.0
1.469,938.0,1557.0,619.0,60.0,106.28,4954.23,0.0,DEFAULT_VEHTYPE,road_5_2_2_0,road_1_4_1_0,0.0
2.167,1367.0,1568.0,201.0,6.0,28.98,2158.56,0.0,DEFAULT_VEHTYPE,road_5_2_2_0,road_4_3_0_0,0.0
2.169,1369.0,1569.0,200.0,0.0,15.12,1958.56,0.0,DEFAULT_VEHTYPE,road_2_5_3_0,road_1_4_1_0,0.0
1.446,892.0,1570.0,678.0,198.0,237.8,4954.1,0.0,DEFAULT_VEHTYPE,road_1_0_1_0,road_4_3_0_0,0.0
1.506,1012.0,1570.0,558.0,94.0,133.07,4754.23,0.0,DEFAULT_VEHTYPE,road_3_5_3_0,road_1_1_2_0,0.0
1.392,784.0,1575.0,791.0,290.0,341.53,4954.1,0.0,DEFAULT_VEHTYPE,road_1_0_1_0,road_4_3_0_0,0.0
2.99,1299.0,1577.0,278.0,75.0,97.47,2194.86,0.0,DEFAULT_VEHTYPE,road_5_4_2_0,road_4_3_0_0,0.0
2.191,1391.0,1581.0,190.0,0.0,18.88,1958.56,0.0,DEFAULT_VEHTYPE,road_1_0_1_0,road_2_1_3_0,0.0
2.32,1232.0,1584.0,352.0,25.0,57.34,3981.68,0.0,DEFAULT_VEHTYPE,road_5_2_2_0,road_4_2_0_0,0.0
2.100,1302.0,1585.0,283.0,6.0,31.17,2789.59,0.0,DEFAULT_VEHTYPE,road_5_4_2_0,road_4_4_0_0,2.0
1.381,763.0,1588.0,825.0,286.0,339.12,5172.57,0.0,DEFAULT_VEHTYPE,road_5_1_2_0,road_1_3_2_0,1.0
2.77,1277.0,1588.0,311.0,92.0,116.84,2194.86,0.0,DEFAULT_VEHTYPE,road_0_2_0_0,road_1_3_2_1,0.0
2.128,1329.0,1590.0,261.0,40.0,65.2,2194.86,0.0,DEFAULT_VEHTYPE,road_0_2_0_0,road_1_3_2_1,1.0
2.6,1206.0,1592.0,386.0,89.0,120.2,2797.66,0.0,DEFAULT_VEHTYPE,road_0_1_0_0,road_1_3_2_0,0.0
2.11,1211.0,1593.0,382.0,149.0,176.04,2577.07,0.0,DEFAULT_VEHTYPE,road_1_5_3_0,road_1_2_2_1,0.0
2.152,1352.0,1594.0,242.0,0.0,20.23,2158.56,0.0,DEFAULT_VEHTYPE,road_0_3_0_0,road_1_2_2_0,0.0
1.451,903.0,1595.0,692.0,308.0,347.88,3397.83,0.0,DEFAULT_VEHTYPE,road_5_4_2_0,road_4_1_0_0,1.0
2.226,1426.0,1599.0,173.0,0.0,12.01,1958.56,0.0,DEFAULT_VEHTYPE,road_2_5_3_0,road_1_4_1_0,0.0
1.593,1186.0,1601.0,415.0,40.0,76.09,3987.09,0.0,DEFAULT_VEHTYPE,road_5_3_2_0,road_4_3_0_0,0.0
2.102,1302.0,1601.0,299.0,7.0,31.43,2766.75,0.0,DEFAULT_VEHTYPE,road_2_5_3_0,road_1_3_2_0,0.0
1.570,1140.0,1604.0,464.0,111.0,145.38,4369.79,0.0,DEFAULT_VEHTYPE,road_4_5_3_0,road_1_3_2_0,0.0
1.590,1180.0,1604.0,424.0,47.0,85.44,3981.68,0.0,DEFAULT_VEHTYPE,road_5_2_2_0,road_4_2_0_0,0.0
2.214,1414.0,1604.0,190.0,0.0,25.43,2158.56,0.0,DEFAULT_VEHTYPE,road_5_1_2_0,road_4_2_0_1,0.0
2.49,1251.0,1607.0,356.0,88.0,112.48,2194.86,0.0,DEFAULT_VEHTYPE,road_5_4_2_0,road_4_3_0_0,2.0
1.509,1018.0,1611.0,593.0,233.0,272.43,3995.58,0.0,DEFAULT_VEHTYPE,road_0_2_0_0,road_4_2_0_0,0.0
1.563,1126.0,1612.0,486.0,83.0,124.66,3987.09,0.0,DEFAULT_VEHTYPE,road_5_3_2_0,road_4_3_0_0,0.0
1.539,1078.0,1614.0,536.0,139.0,177.34,4369.79,0.0,DEFAULT_VEHTYPE,road_4_5_3_0,road_1_3_2_0,0.0
1.426,852.0,1615.0,763.0,326.0,370.68,4582.72,0.0,DEFAULT_VEHTYPE,road_0_2_0_0,road_4_1_0_0,0.0
2.41,1241.0,1616.0,375.0,163.0,187.45,2195.01,0.0,DEFAULT_VEHTYPE,road_3_5_3_0,road_4_4_0_0,0.0
1.512,1024.0,1618.0,594.0,170.0,215.82,4582.59,0.0,DEFAULT_VEHTYPE,road_0_3_0_0,road_4_4_0_0,0.0
1.566,1132.0,1621.0,489.0,147.0,180.54,3177.24,0.0,DEFAULT_VEHTYPE,road_1_5_3_0,road_1_1_2_0,0.0
1.483,966.0,1623.0,657.0,92.0,132.56,5762.29,0.0,DEFAULT_VEHTYPE,road_0_1_0_0,road_4_4_0_0,0.0
2.84,1288.0,1623.0,335.0,37.0,62.4,2761.43,0.0,DEFAULT_VEHTYPE,road_0_4_0_0,road_1_2_2_0,4.0
2.103,1303.0,1623.0,320.0,92.0,118.76,2195.01,0.0,DEFAULT_VEHTYPE,road_2_0_1_0,road_1_1_2_0,0.0
1.530,1060.0,1625.0,565.0,151.0,193.71,4974.92,0.0,DEFAULT_VEHTYPE,road_5_3_2_0,road_1_1_3_0,0.0
2.113,1314.0,1626.0,312.0,0.0,30.08,3364.21,0.0,DEFAULT_VEHTYPE,road_3_0_1_0,road_4_3_0_0,1.0
1.441,882.0,1628.0,746.0,249.0,300.19,4582.59,0.0,DEFAULT_VEHTYPE,road_0_1_0_0,road_4_2_0_0,0.0
2.4,1204.0,1629.0,425.0,178.0,203.92,2195.01,0.0,DEFAULT_VEHTYPE,road_2_0_1_0,road_1_1_2_0,0.0
2.164,1364.0,1629.0,265.0,0.0,28.36,2761.43,0.0,DEFAULT_VEHTYPE,road_5_1_2_0,road_4_3_0_0,0.0
1.516,1032.0,1631.0,599.0,176.0,224.9,3795.35,0.0,DEFAULT_VEHTYPE,road_4_0_1_0,road_1_1_2_0,0.0
2.154,1354.0,1631.0,277.0,0.0,19.95,2761.43,0.0,DEFAULT_VEHTYPE,road_5_1_2_0,road_4_3_0_0,0.0
2.61,1263.0,1632.0,369.0,160.0,182.76,2197.72,0.0,DEFAULT_VEHTYPE,road_5_1_2_0,road_3_1_3_0,2.0
1.488,976.0,1634.0,658.0,248.0,293.76,4385.07,0.0,DEFAULT_VEHTYPE,road_0_3_0_0,road_4_4_1_0,0.0
1.545,1090.0,1635.0,545.0,75.0,114.22,4974.92,0.0,DEFAULT_VEHTYPE,road_5_3_2_0,road_1_1_3_0,0.0
2.14,1214.0,1635.0,421.0,105.0,154.13,3364.08,0.0,DEFAULT_VEHTYPE,road_5_2_2_0,road_3_4_1_0,0.0
1.425,850.0,1637.0,787.0,258.0,316.4,4582.59,0.0,DEFAULT_VEHTYPE,road_5_2_2_0,road_1_1_2_0,0.0
1.452,904.0,1637.0,733.0,265.0,309.8,4572.57,0.0,DEFAULT_VEHTYPE,road_1_0_1_0,road_3_4_1_0,0.0
1.567,1134.0,1639.0,505.0,176.0,219.8,3364.08,0.0,DEFAULT_VEHTYPE,road_5_2_2_0,road_3_4_1_0,0.0
2.60,1260.0,1639.0,379.0,153.0,177.5,2197.72,0.0,DEFAULT_VEHTYPE,road_5_1_2_0,road_3_1_3_0,0.0
2.85,1285.0,1639.0,354.0,91.0,126.11,2766.75,0.0,DEFAULT_VEHTYPE,road_5_3_2_0,road_3_4_1_1,0.0
2.94,1294.0,1639.0,345.0,110.0,137.04,2197.72,0.0,DEFAULT_VEHTYPE,road_0_4_0_0,road_2_4_1_0,0.0
2.133,1333.0,1640.0,307.0,97.0,116.44,1994.86,0.0,DEFAULT_VEHTYPE,road_3_5_3_0,road_4_4_1_0,0.0
2.245,1445.0,1643.0,198.0,0.0,17.79,2158.56,0.0,DEFAULT_VEHTYPE,road_0_4_0_0,road_1_3_2_0,0.0
1.594,1188.0,1644.0,456.0,84.0,114.54,3948.75,0.0,DEFAULT_VEHTYPE,road_3_5_3_0,road_3_4_1_0,0.0
2.185,1385.0,1644.0,259.0,0.0,21.25,1958.56,0.0,DEFAULT_VEHTYPE,road_3_0_1_0,road_4_1_3_0,0.0
1.588,1176.0,1649.0,473.0,114.0,153.19,3364.08,0.0,DEFAULT_VEHTYPE,road_0_3_0_0,road_2_1_3_0,0.0
2.282,1482.0,1649.0,167.0,0.0,12.48,2158.56,0.0,DEFAULT_VEHTYPE,road_5_2_2_0,road_4_3_0_0,0.0
2.18,1218.0,1653.0,435.0,91.0,129.31,3364.08,0.0,DEFAULT_VEHTYPE,road_5_2_2_0,road_3_4_1_1,0.0
1.561,1123.0,1654.0,531.0,166.0,210.55,3364.08,0.0,DEFAULT_VEHTYPE,road_5_2_2_0,road_3_4_1_0,1.0
1.462,927.0,1656.0,729.0,196.0,247.29,5356.75,0.0,DEFAULT_VEHTYPE,road_4_0_1_0,road_1_4_1_0,3.0
2.150,1350.0,1656.0,306.0,14.0,36.67,3385.03,0.0,DEFAULT_VEHTYPE,road_5_3_2_0,road_3_1_3_0,0.0
2.221,1421.0,1656.0,235.0,18.0,38.41,1994.86,0.0,DEFAULT_VEHTYPE,road_3_5_3_0,road_4_4_1_0,0.0
2.179,1379.0,1663.0,284.0,0.0,28.79,2766.75,0.0,DEFAULT_VEHTYPE,road_0_2_0_0,road_2_1_3_0,0.0
2.137,1337.0,1665.0,328.0,88.0,120.43,2579.77,0.0,DEFAULT_VEHTYPE,road_0_3_0_0,road_1_1_3_0,0.0
1.584,1168.0,1667.0,499.0,210.0,241.72,3195.35,0.0,DEFAULT_VEHTYPE,road_0_1_0_0,road_1_4_1_0,0.0
2.53,1253.0,1668.0,415.0,93.0,128.08,2766.75,0.0,DEFAULT_VEHTYPE,road_0_2_0_0,road_2_1_3_0,0.0
1.520,1040.0,1669.0,629.0,257.0,297.98,3782.72,0.0,DEFAULT_VEHTYPE,road_4_5_3_0,road_3_1_3_0,0.0
2.160,1360.0,1669.0,309.0,67.0,87.74,2579.77,0.0,DEFAULT_VEHTYPE,road_5_2_2_0,road_4_4_1_0,0.0
1.526,1052.0,1670.0,618.0,239.0,275.2,3782.59,0.0,DEFAULT_VEHTYPE,road_3_0_1_0,road_2_4_1_0,0.0
1.528,1056.0,1670.0,614.0,311.0,347.92,2995.58,0.0,DEFAULT_VEHTYPE,road_2_5_3_0,road_2_1_3_0,0.0
1.480,960.0,1672.0,712.0,329.0,379.84,3782.59,0.0,DEFAULT_VEHTYPE,road_4_0_1_0,road_3_4_1_0,0.0
1.583,1166.0,1672.0,506.0,140.0,188.07,3782.72,0.0,DEFAULT_VEHTYPE,road_2_0_1_0,road_3_4_1_1,0.0
1.550,1100.0,1673.0,573.0,256.0,293.44,2995.58,0.0,DEFAULT_VEHTYPE,road_1_5_3_0,road_1_1_3_0,0.0
2.38,1239.0,1674.0,435.0,94.0,128.45,3564.21,0.0,DEFAULT_VEHTYPE,road_5_3_2_0,road_2_4_1_0,1.0
1.501,1002.0,1676.0,674.0,252.0,301.5,3782.72,0.0,DEFAULT_VEHTYPE,road_3_0_1_0,road_4_4_1_0,0.0
1.549,1098.0,1676.0,578.0,255.0,295.62,2995.58,0.0,DEFAULT_VEHTYPE,road_3_5_3_0,road_3_1_3_0,0.0
1.502,1004.0,1678.0,674.0,260.0,305.27,3782.59,0.0,DEFAULT_VEHTYPE,road_1_5_3_0,road_2_1_3_0,0.0
1.547,1094.0,1678.0,584.0,145.0,189.92,4364.38,0.0,DEFAULT_VEHTYPE,road_0_2_0_0,road_4_1_3_0,0.0
1.454,908.0,1680.0,772.0,217.0,272.76,4775.05,0.0,DEFAULT_VEHTYPE,road_0_1_0_0,road_3_4_1_0,0.0
2.271,1471.0,1680.0,209.0,0.0,15.74,2158.56,0.0,DEFAULT_VEHTYPE,road_0_2_0_0,road_1_1_2_0,0.0
1.587,1174.0,1681.0,507.0,127.0,169.17,3777.24,0.0,DEFAULT_VEHTYPE,road_0_1_0_0,road_4_1_3_0,0.0
2.109,1309.0,1686.0,377.0,124.0,150.11,1995.01,0.0,DEFAULT_VEHTYPE,road_0_3_0_0,road_1_4_1_0,0.0
2.254,1455.0,1688.0,233.0,6.0,33.29,2176.9,0.0,DEFAULT_VEHTYPE,road_0_1_0_0,road_2_1_3_0,1.0
2.306,1506.0,1691.0,185.0,0.0,14.92,1958.56,0.0,DEFAULT_VEHTYPE,road_3_5_3_0,road_2_4_1_0,0.0
2.88,1288.0,1692.0,404.0,50.0,86.1,2766.75,0.0,DEFAULT_VEHTYPE,road_0_2_0_0,road_2_1_3_0,0.0
1.458,916.0,1693.0,777.0,294.0,348.04,3782.59,0.0,DEFAULT_VEHTYPE,road_4_0_1_0,road_3_4_1_0,0.0
2.369,1569.0,1693.0,124.0,0.0,9.5,1376.73,0.0,DEFAULT_VEHTYPE,road_1_5_3_0,road_1_4_2_0,0.0
2.235,1435.0,1695.0,260.0,0.0,26.7,1958.56,0.0,DEFAULT_VEHTYPE,road_2_0_1_0,road_3_1_3_0,0.0
2.212,1412.0,1698.0,286.0,39.0,62.4,2766.75,0.0,DEFAULT_VEHTYPE,road_2_5_3_0,road_1_3_2_0,0.0
1.490,980.0,1702.0,722.0,247.0,290.93,5166.9,0.0,DEFAULT_VEHTYPE,road_0_2_0_0,road_4_4_0_0,0.0
1.513,1026.0,1703.0,677.0,198.0,242.07,5166.9,0.0,DEFAULT_VEHTYPE,road_0_1_0_0,road_4_3_0_0,0.0
2.196,1396.0,1704.0,308.0,0.0,24.69,2761.43,0.0,DEFAULT_VEHTYPE,road_1_0_1_0,road_3_1_3_0,0.0
1.473,946.0,1709.0,763.0,263.0,307.91,5166.9,0.0,DEFAULT_VEHTYPE,road_5_4_2_0,road_1_2_2_0,0.0
2.264,1464.0,1713.0,249.0,56.0,79.67,2194.86,0.0,DEFAULT_VEHTYPE,road_0_1_0_0,road_1_2_2_0,0.0
2.200,1400.0,1717.0,317.0,35.0,59.39,2766.75,0.0,DEFAULT_VEHTYPE,road_2_5_3_0,road_1_3_2_0,0.0
2.362,1562.0,1723.0,161.0,0.0,14.44,1376.73,0.0,DEFAULT_VEHTYPE,road_5_4_2_0,road_4_4_1_0,0.0
2.1,1201.0,1725.0,524.0,258.0,287.69,2597.89,0.0,DEFAULT_VEHTYPE,road_1_0_1_0,road_1_3_2_0,0.0
1.477,954.0,1728.0,774.0,268.0,320.73,4975.05,0.0,DEFAULT_VEHTYPE,road_1_5_3_0,road_4_2_0_0,0.0
2.39,1239.0,1728.0,489.0,218.0,249.51,2597.89,0.0,DEFAULT_VEHTYPE,road_1_0_1_0,road_1_3_2_0,0.0
2.115,1315.0,1729.0,414.0,59.0,98.93,3987.09,0.0,DEFAULT_VEHTYPE,road_0_2_0_0,road_1_2_2_0,0.0
1.479,958.0,1730.0,772.0,264.0,313.04,4774.92,0.0,DEFAULT_VEHTYPE,road_2_5_3_0,road_4_1_0_0,0.0
1.559,1118.0,1731.0,613.0,246.0,284.76,3384.9,0.0,DEFAULT_VEHTYPE,road_3_5_3_0,road_4_2_0_0,0.0
2.349,1549.0,1731.0,182.0,0.0,14.08,1958.56,0.0,DEFAULT_VEHTYPE,road_2_0_1_0,road_3_1_3_0,0.0
2.131,1331.0,1733.0,402.0,178.0,224.54,2577.07,0.0,DEFAULT_VEHTYPE,road_1_5_3_0,road_1_2_2_0,0.0
2.257,1459.0,1735.0,276.0,34.0,63.43,2761.43,0.0,DEFAULT_VEHTYPE,road_5_1_2_0,road_4_3_0_0,2.0
2.75,1275.0,1736.0,461.0,156.0,200.66,3397.83,0.0,DEFAULT_VEHTYPE,road_5_4_2_0,road_4_1_0_0,0.0
2.42,1242.0,1737.0,495.0,172.0,216.61,3384.9,0.0,DEFAULT_VEHTYPE,road_2_0_1_0,road_1_3_2_0,0.0
2.248,1453.0,1738.0,285.0,0.0,24.59,2787.57,0.0,DEFAULT_VEHTYPE,road_2_0_1_0,road_1_2_2_0,5.0
2.161,1361.0,1739.0,378.0,58.0,108.46,3361.6,0.0,DEFAULT_VEHTYPE,road_5_1_2_0,road_4_4_0_0,0.0
2.262,1464.0,1739.0,275.0,89.0,107.01,1976.9,0.0,DEFAULT_VEHTYPE,road_4_0_1_0,road_4_2_0_0,2.0
2.353,1553.0,1740.0,187.0,0.0,13.83,1958.56,0.0,DEFAULT_VEHTYPE,road_4_5_3_0,road_3_4_1_0,0.0
1.586,1172.0,1741.0,569.0,269.0,304.45,3198.06,0.0,DEFAULT_VEHTYPE,road_1_0_1_0,road_1_4_2_0,0.0
2.317,1517.0,1741.0,224.0,0.0,17.21,2158.56,0.0,DEFAULT_VEHTYPE,road_0_4_0_0,road_1_3_2_0,0.0
2.157,1357.0,1742.0,385.0,65.0,92.59,3361.6,0.0,DEFAULT_VEHTYPE,road_5_1_2_0,road_4_4_0_0,0.0
2.339,1539.0,1742.0,203.0,0.0,20.79,2158.56,0.0,DEFAULT_VEHTYPE,road_0_4_0_0,road_1_3_2_1,0.0
1.571,1142.0,1743.0,601.0,212.0,251.6,3985.07,0.0,DEFAULT_VEHTYPE,road_2_0_1_0,road_1_4_2_1,0.0
2.30,1230.0,1744.0,514.0,184.0,216.17,3397.83,0.0,DEFAULT_VEHTYPE,road_5_4_2_0,road_4_1_0_0,0.0
2.33,1233.0,1745.0,512.0,181.0,211.51,3361.6,0.0,DEFAULT_VEHTYPE,road_0_4_0_0,road_1_1_2_0,0.0
2.2,1202.0,1747.0,545.0,223.0,269.74,3198.06,0.0,DEFAULT_VEHTYPE,road_4_5_3_0,road_4_1_0_0,0.0
2.57,1258.0,1750.0,492.0,92.0,142.08,3987.09,0.0,DEFAULT_VEHTYPE,road_5_3_2_0,road_4_3_0_0,1.0
2.56,1256.0,1752.0,496.0,161.0,202.4,3585.03,0.0,DEFAULT_VEHTYPE,road_3_0_1_0,road_1_2_2_0,0.0
1.511,1022.0,1753.0,731.0,215.0,267.14,5172.57,0.0,DEFAULT_VEHTYPE,road_5_2_2_0,road_1_4_2_0,0.0
2.261,1461.0,1754.0,293.0,87.0,107.57,1976.9,0.0,DEFAULT_VEHTYPE,road_4_0_1_0,road_4_2_0_0,0.0
1.500,1000.0,1755.0,755.0,321.0,366.81,4582.72,0.0,DEFAULT_VEHTYPE,road_0_2_0_0,road_4_1_0_0,0.0
2.148,1348.0,1755.0,407.0,201.0,229.95,2195.01,0.0,DEFAULT_VEHTYPE,road_2_0_1_0,road_1_1_2_0,0.0
2.98,1298.0,1757.0,459.0,191.0,232.62,2995.18,0.0,DEFAULT_VEHTYPE,road_3_0_1_0,road_1_1_2_1,0.0
2.374,1574.0,1758.0,184.0,0.0,17.64,2179.6,0.0,DEFAULT_VEHTYPE,road_2_5_3_0,road_1_4_2_1,0.0
2.12,1212.0,1759.0,547.0,157.0,192.88,3995.58,0.0,DEFAULT_VEHTYPE,road_5_4_2_0,road_1_4_2_0,0.0
2.97,1297.0,1761.0,464.0,100.0,134.3,3585.03,0.0,DEFAULT_VEHTYPE,road_2_5_3_0,road_4_3_0_0,0.0
1.524,1048.0,1762.0,714.0,130.0,178.02,5762.29,0.0,DEFAULT_VEHTYPE,road_5_4_2_0,road_1_1_2_0,0.0
1.527,1054.0,1763.0,709.0,130.0,194.86,5762.29,0.0,DEFAULT_VEHTYPE,road_5_4_2_0,road_1_1_2_1,0.0
2.52,1252.0,1764.0,512.0,120.0,161.51,3779.94,0.0,DEFAULT_VEHTYPE,road_1_0_1_0,road_4_1_0_0,0.0
2.240,1444.0,1765.0,321.0,96.0,123.6,2195.01,0.0,DEFAULT_VEHTYPE,road_2_0_1_0,road_1_1_2_0,4.0
2.255,1455.0,1765.0,310.0,42.0,66.44,2778.71,0.0,DEFAULT_VEHTYPE,road_0_4_0_0,road_1_4_2_0,0.0
2.59,1259.0,1766.0,507.0,10.0,52.85,4156.77,0.0,DEFAULT_VEHTYPE,road_3_5_3_0,road_1_2_2_0,0.0
1.517,1034.0,1767.0,733.0,234.0,282.88,4582.59,0.0,DEFAULT_VEHTYPE,road_0_1_0_0,road_4_2_0_0,0.0
2.307,1507.0,1769.0,262.0,79.0,114.0,1994.86,0.0,DEFAULT_VEHTYPE,road_3_0_1_0,road_2_1_3_0,0.0
2.67,1267.0,1772.0,505.0,187.0,220.22,3385.03,0.0,DEFAULT_VEHTYPE,road_0_2_0_0,road_2_4_1_0,0.0
2.210,1410.0,1773.0,363.0,41.0,67.64,2979.77,0.0,DEFAULT_VEHTYPE,road_2_0_1_0,road_4_1_0_0,0.0
1.497,994.0,1774.0,780.0,160.0,218.74,5762.29,0.0,DEFAULT_VEHTYPE,road_5_4_2_0,road_1_1_2_0,0.0
2.9,1209.0,1775.0,566.0,156.0,225.95,3995.58,0.0,DEFAULT_VEHTYPE,road_5_1_2_0,road_1_1_2_1,0.0
2.58,1258.0,1775.0,517.0,88.0,128.2,3779.94,0.0,DEFAULT_VEHTYPE,road_1_0_1_0,road_4_1_0_0,0.0
2.224,1424.0,1775.0,351.0,84.0,113.63,2787.57,0.0,DEFAULT_VEHTYPE,road_5_2_2_0,road_3_1_3_0,0.0
1.534,1068.0,1776.0,708.0,350.0,394.88,3597.83,0.0,DEFAULT_VEHTYPE,road_1_5_3_0,road_4_4_1_1,0.0
1.562,1124.0,1776.0,652.0,249.0,308.1,3795.35,0.0,DEFAULT_VEHTYPE,road_4_0_1_0,road_1_1_2_0,0.0
2.37,1237.0,1776.0,539.0,250.0,283.56,2797.66,0.0,DEFAULT_VEHTYPE,road_4_0_1_0,road_2_1_3_0,0.0
2.46,1246.0,1776.0,530.0,232.0,270.93,2997.89,0.0,DEFAULT_VEHTYPE,road_5_1_2_0,road_2_1_3_1,0.0
2.54,1254.0,1776.0,522.0,239.0,268.81,2797.66,0.0,DEFAULT_VEHTYPE,road_2_5_3_0,road_4_4_1_0,0.0
2.215,1415.0,1777.0,362.0,101.0,142.41,2766.75,0.0,DEFAULT_VEHTYPE,road_0_2_0_0,road_2_1_3_2,0.0
1.575,1150.0,1778.0,628.0,256.0,294.56,3584.9,0.0,DEFAULT_VEHTYPE,road_0_3_0_0,road_3_4_1_0,0.0
1.536,1072.0,1779.0,707.0,221.0,270.49,4572.57,0.0,DEFAULT_VEHTYPE,road_3_5_3_0,road_1_1_3_0,0.0
1.572,1144.0,1779.0,635.0,133.0,180.42,5356.75,0.0,DEFAULT_VEHTYPE,road_1_5_3_0,road_4_1_3_0,0.0
2.78,1278.0,1779.0,501.0,211.0,246.68,2797.66,0.0,DEFAULT_VEHTYPE,road_1_5_3_0,road_3_4_1_1,0.0
2.208,1410.0,1779.0,369.0,143.0,167.27,2197.72,0.0,DEFAULT_VEHTYPE,road_0_4_0_0,road_2_4_1_0,2.0
1.546,1092.0,1781.0,689.0,238.0,284.78,4385.07,0.0,DEFAULT_VEHTYPE,road_5_2_2_0,road_1_1_3_1,0.0
2.126,1326.0,1781.0,455.0,120.0,149.52,3385.03,0.0,DEFAULT_VEHTYPE,road_0_2_0_0,road_2_4_1_1,0.0
2.8,1208.0,1784.0,576.0,249.0,285.05,2997.89,0.0,DEFAULT_VEHTYPE,road_0_4_0_0,road_3_4_1_0,0.0
2.258,1458.0,1784.0,326.0,0.0,27.79,2778.71,0.0,DEFAULT_VEHTYPE,road_1_0_1_0,road_1_1_3_0,0.0
1.579,1158.0,1785.0,627.0,205.0,259.12,3798.06,0.0,DEFAULT_VEHTYPE,road_5_1_2_0,road_1_1_3_1,0.0
1.582,1165.0,1786.0,621.0,192.0,249.03,3795.35,0.0,DEFAULT_VEHTYPE,road_4_0_1_0,road_1_1_2_0,1.0
2.293,1493.0,1786.0,293.0,90.0,107.3,1994.86,0.0,DEFAULT_VEHTYPE,road_2_5_3_0,road_3_4_1_1,0.0
2.471,1671.0,1786.0,115.0,0.0,8.79,1397.55,0.0,DEFAULT_VEHTYPE,road_5_1_2_0,road_4_1_3_0,0.0
2.394,1594.0,1789.0,195.0,5.0,28.02,1994.86,0.0,DEFAULT_VEHTYPE,road_3_0_1_0,road_2_1_3_0,0.0
1.595,1190.0,1790.0,600.0,189.0,230.27,4572.57,0.0,DEFAULT_VEHTYPE,road_4_5_3_0,road_2_1_3_2,0.0
2.228,1428.0,1790.0,362.0,88.0,116.67,2197.72,0.0,DEFAULT_VEHTYPE,road_5_1_2_0,road_3_1_3_0,0.0
2.378,1578.0,1791.0,213.0,14.0,33.32,1994.86,0.0,DEFAULT_VEHTYPE,road_3_0_1_0,road_2_1_3_0,0.0
1.576,1152.0,1793.0,641.0,120.0,166.0,5356.75,0.0,DEFAULT_VEHTYPE,road_4_0_1_0,road_1_4_1_0,0.0
2.151,1351.0,1793.0,442.0,105.0,153.26,3364.08,0.0,DEFAULT_VEHTYPE,road_5_2_2_0,road_3_4_1_0,0.0
2.253,1453.0,1793.0,340.0,38.0,63.37,2787.57,0.0,DEFAULT_VEHTYPE,road_0_3_0_0,road_2_4_1_0,0.0
1.569,1138.0,1794.0,656.0,208.0,260.43,3795.35,0.0,DEFAULT_VEHTYPE,road_4_0_1_0,road_1_1_2_0,0.0
1.573,1146.0,1794.0,648.0,219.0,265.03,3964.25,0.0,DEFAULT_VEHTYPE,road_5_1_2_0,road_3_4_1_0,0.0
2.175,1376.0,1794.0,418.0,64.0,103.26,3985.2,0.0,DEFAULT_VEHTYPE,road_5_4_2_0,road_3_1_3_0,1.0
2.222,1422.0,1796.0,374.0,96.0,130.8,2766.75,0.0,DEFAULT_VEHTYPE,road_5_3_2_0,road_3_4_1_1,0.0
2.19,1221.0,1799.0,578.0,203.0,240.49,3364.08,0.0,DEFAULT_VEHTYPE,road_5_2_2_0,road_3_4_1_0,2.0
